,a1,a2,a3,a4,a5,a6,b1,b2,b3,b4,b5,b6,c1,c2,c3,c4,c5,c6,d1,d2,d3,d4,d5,d6,e1,e2,e3,e4,e5,e6,f1,f2,f3,f4,f5,f6,g1,g2,g3,g4,g5,g6,Label
5872,x,b,b,b,b,b,b,b,b,b,b,b,o,b,b,b,b,b,x,x,o,b,b,b,x,o,b,b,b,b,o,b,b,b,b,b,b,b,b,b,b,b,loss
28167,b,b,b,b,b,b,o,x,x,b,b,b,x,b,b,b,b,b,o,o,b,b,b,b,b,b,b,b,b,b,x,b,b,b,b,b,o,b,b,b,b,b,win
38698,o,b,b,b,b,b,o,b,b,b,b,b,x,b,b,b,b,b,b,b,b,b,b,b,o,x,o,x,b,b,x,b,b,b,b,b,b,b,b,b,b,b,win
324,b,b,b,b,b,b,x,b,b,b,b,b,o,b,b,b,b,b,x,o,x,o,b,b,b,b,b,b,b,b,o,x,b,b,b,b,b,b,b,b,b,b,win
39603,b,b,b,b,b,b,x,x,b,b,b,b,x,b,b,b,b,b,b,b,b,b,b,b,o,b,b,b,b,b,b,b,b,b,b,b,o,o,x,o,b,b,win
53409,x,b,b,b,b,b,x,o,b,b,b,b,o,x,b,b,b,b,b,b,b,b,b,b,b,b,b,b,b,b,o,o,b,b,b,b,x,b,b,b,b,b,loss
42727,b,b,b,b,b,b,o,x,o,o,b,b,x,b,b,b,b,b,b,b,b,b,b,b,b,b,b,b,b,b,o,b,b,b,b,b,x,x,b,b,b,b,loss
53548,o,x,o,x,o,b,x,b,b,b,b,b,o,x,b,b,b,b,b,b,b,b,b,b,b,b,b,b,b,b,b,b,b,b,b,b,b,b,b,b,b,b,win
15034,o,x,o,x,b,b,o,b,b,b,b,b,b,b,b,b,b,b,x,x,b,b,b,b,b,b,b,b,b,b,b,b,b,b,b,b,o,b,b,b,b,b,win
43354,b,b,b,b,b,b,o,b,b,b,b,b,x,x,b,b,b,b,b,b,b,b,b,b,b,b,b,b,b,b,x,o,b,b,b,b,x,o,o,b,b,b,win
24149,o,b,b,b,b,b,x,b,b,b,b,b,x,x,b,b,b,b,o,b,b,b,b,b,x,b,b,b,b,b,o,b,b,b,b,b,o,b,b,b,b,b,win
51257,x,b,b,b,b,b,x,o,o,b,b,b,b,b,b,b,b,b,o,b,b,b,b,b,o,x,x,b,b,b,b,b,b,b,b,b,b,b,b,b,b,b,loss
25523,o,b,b,b,b,b,x,b,b,b,b,b,x,o,b,b,b,b,o,o,x,b,b,b,b,b,b,b,b,b,b,b,b,b,b,b,x,b,b,b,b,b,loss
12523,b,b,b,b,b,b,x,b,b,b,b,b,o,o,b,b,b,b,x,b,b,b,b,b,b,b,b,b,b,b,b,b,b,b,b,b,o,x,o,x,b,b,draw
19288,b,b,b,b,b,b,x,o,b,b,b,b,x,x,b,b,b,b,o,x,o,b,b,b,b,b,b,b,b,b,b,b,b,b,b,b,o,b,b,b,b,b,loss
51728,b,b,b,b,b,b,x,b,b,b,b,b,o,x,o,o,b,b,o,b,b,b,b,b,b,b,b,b,b,b,b,b,b,b,b,b,x,x,b,b,b,b,loss
58124,x,b,b,b,b,b,x,b,b,b,b,b,b,b,b,b,b,b,b,b,b,b,b,b,o,o,b,b,b,b,b,b,b,b,b,b,o,x,x,o,b,b,win
15881,b,b,b,b,b,b,o,x,b,b,b,b,x,x,o,o,b,b,x,b,b,b,b,b,b,b,b,b,b,b,b,b,b,b,b,b,o,b,b,b,b,b,win
58103,o,b,b,b,b,b,x,b,b,b,b,b,b,b,b,b,b,b,b,b,b,b,b,b,o,o,x,o,x,b,b,b,b,b,b,b,x,b,b,b,b,b,loss
10634,x,o,b,b,b,b,b,b,b,b,b,b,o,o,b,b,b,b,x,b,b,b,b,b,x,b,b,b,b,b,o,x,b,b,b,b,b,b,b,b,b,b,loss
31513,b,b,b,b,b,b,o,x,b,b,b,b,x,o,x,x,o,b,b,b,b,b,b,b,b,b,b,b,b,b,b,b,b,b,b,b,o,b,b,b,b,b,win
37639,o,o,b,b,b,b,b,b,b,b,b,b,x,x,b,b,b,b,b,b,b,b,b,b,o,x,b,b,b,b,o,b,b,b,b,b,x,b,b,b,b,b,win
18286,o,x,b,b,b,b,x,b,b,b,b,b,b,b,b,b,b,b,x,x,o,b,b,b,b,b,b,b,b,b,b,b,b,b,b,b,o,o,b,b,b,b,win
49171,b,b,b,b,b,b,x,x,o,b,b,b,b,b,b,b,b,b,o,o,x,x,b,b,b,b,b,b,b,b,o,b,b,b,b,b,b,b,b,b,b,b,win
11933,x,x,b,b,b,b,x,b,b,b,b,b,o,b,b,b,b,b,x,b,b,b,b,b,o,o,b,b,b,b,o,b,b,b,b,b,b,b,b,b,b,b,win
15867,o,x,x,b,b,b,o,o,b,b,b,b,x,b,b,b,b,b,x,b,b,b,b,b,b,b,b,b,b,b,o,b,b,b,b,b,b,b,b,b,b,b,win
14901,o,o,b,b,b,b,o,b,b,b,b,b,x,x,b,b,b,b,x,x,b,b,b,b,b,b,b,b,b,b,b,b,b,b,b,b,o,b,b,b,b,b,win
67386,x,x,o,o,b,b,b,b,b,b,b,b,b,b,b,b,b,b,b,b,b,b,b,b,b,b,b,b,b,b,b,b,b,b,b,b,o,x,x,o,b,b,draw
39617,o,b,b,b,b,b,x,b,b,b,b,b,x,b,b,b,b,b,b,b,b,b,b,b,o,o,b,b,b,b,b,b,b,b,b,b,o,x,x,b,b,b,win
48192,o,x,b,b,b,b,x,b,b,b,b,b,b,b,b,b,b,b,o,x,o,b,b,b,o,b,b,b,b,b,b,b,b,b,b,b,x,b,b,b,b,b,draw
42025,o,o,x,o,b,b,o,x,b,b,b,b,x,x,b,b,b,b,b,b,b,b,b,b,b,b,b,b,b,b,b,b,b,b,b,b,b,b,b,b,b,b,win
35234,x,b,b,b,b,b,b,b,b,b,b,b,x,o,o,x,x,b,b,b,b,b,b,b,o,b,b,b,b,b,o,b,b,b,b,b,b,b,b,b,b,b,loss
12987,o,o,b,b,b,b,x,b,b,b,b,b,o,x,o,x,b,b,x,b,b,b,b,b,b,b,b,b,b,b,b,b,b,b,b,b,b,b,b,b,b,b,win
59983,b,b,b,b,b,b,x,x,o,o,b,b,x,b,b,b,b,b,b,b,b,b,b,b,b,b,b,b,b,b,o,x,o,b,b,b,b,b,b,b,b,b,win
55046,b,b,b,b,b,b,x,o,o,b,b,b,o,b,b,b,b,b,b,b,b,b,b,b,b,b,b,b,b,b,x,x,b,b,b,b,x,o,b,b,b,b,win
18642,o,x,x,o,x,b,b,b,b,b,b,b,b,b,b,b,b,b,x,b,b,b,b,b,o,b,b,b,b,b,o,b,b,b,b,b,b,b,b,b,b,b,win
60022,x,o,b,b,b,b,x,x,o,x,b,b,b,b,b,b,b,b,b,b,b,b,b,b,b,b,b,b,b,b,o,o,b,b,b,b,b,b,b,b,b,b,win
21347,x,b,b,b,b,b,o,o,b,b,b,b,x,x,o,b,b,b,o,x,b,b,b,b,b,b,b,b,b,b,b,b,b,b,b,b,b,b,b,b,b,b,loss
43025,o,o,b,b,b,b,o,x,x,o,x,b,x,b,b,b,b,b,b,b,b,b,b,b,b,b,b,b,b,b,b,b,b,b,b,b,b,b,b,b,b,b,win
54369,b,b,b,b,b,b,x,x,o,b,b,b,o,b,b,b,b,b,b,b,b,b,b,b,b,b,b,b,b,b,x,o,x,b,b,b,o,b,b,b,b,b,loss
66730,x,o,o,x,x,b,b,b,b,b,b,b,b,b,b,b,b,b,o,b,b,b,b,b,x,b,b,b,b,b,b,b,b,b,b,b,o,b,b,b,b,b,draw
66499,x,x,o,o,x,b,b,b,b,b,b,b,b,b,b,b,b,b,b,b,b,b,b,b,b,b,b,b,b,b,o,o,b,b,b,b,x,b,b,b,b,b,loss
29180,x,b,b,b,b,b,o,x,x,b,b,b,x,o,b,b,b,b,o,b,b,b,b,b,o,b,b,b,b,b,b,b,b,b,b,b,b,b,b,b,b,b,win
34112,b,b,b,b,b,b,b,b,b,b,b,b,x,o,o,x,o,x,b,b,b,b,b,b,b,b,b,b,b,b,x,o,b,b,b,b,b,b,b,b,b,b,win
8579,b,b,b,b,b,b,x,b,b,b,b,b,o,x,o,b,b,b,x,b,b,b,b,b,o,x,b,b,b,b,o,b,b,b,b,b,b,b,b,b,b,b,win
46814,o,b,b,b,b,b,b,b,b,b,b,b,x,x,b,b,b,b,b,b,b,b,b,b,b,b,b,b,b,b,b,b,b,b,b,b,o,o,x,x,o,b,win
22283,b,b,b,b,b,b,b,b,b,b,b,b,x,x,o,b,b,b,o,o,b,b,b,b,x,x,o,b,b,b,b,b,b,b,b,b,b,b,b,b,b,b,loss
14588,b,b,b,b,b,b,o,o,b,b,b,b,b,b,b,b,b,b,x,x,b,b,b,b,x,x,o,b,b,b,o,b,b,b,b,b,b,b,b,b,b,b,win
41816,b,b,b,b,b,b,o,b,b,b,b,b,x,x,o,x,b,b,b,b,b,b,b,b,b,b,b,b,b,b,b,b,b,b,b,b,x,o,o,b,b,b,loss
26800,x,o,o,b,b,b,x,o,b,b,b,b,x,b,b,b,b,b,o,b,b,b,b,b,b,b,b,b,b,b,x,b,b,b,b,b,b,b,b,b,b,b,loss
52936,x,o,b,b,b,b,x,b,b,b,b,b,o,x,b,b,b,b,b,b,b,b,b,b,o,o,b,b,b,b,b,b,b,b,b,b,x,b,b,b,b,b,win
39693,o,b,b,b,b,b,b,b,b,b,b,b,x,b,b,b,b,b,b,b,b,b,b,b,o,o,x,b,b,b,x,o,x,b,b,b,b,b,b,b,b,b,win
16745,o,b,b,b,b,b,o,x,x,o,o,b,x,b,b,b,b,b,x,b,b,b,b,b,b,b,b,b,b,b,b,b,b,b,b,b,b,b,b,b,b,b,win
3445,x,x,o,b,b,b,x,b,b,b,b,b,o,b,b,b,b,b,x,o,o,b,b,b,b,b,b,b,b,b,b,b,b,b,b,b,b,b,b,b,b,b,loss
65675,x,b,b,b,b,b,o,x,b,b,b,b,b,b,b,b,b,b,b,b,b,b,b,b,o,b,b,b,b,b,o,o,x,b,b,b,x,b,b,b,b,b,win
12998,o,b,b,b,b,b,b,b,b,b,b,b,o,b,b,b,b,b,x,b,b,b,b,b,b,b,b,b,b,b,x,x,b,b,b,b,o,o,x,b,b,b,win
18026,o,x,b,b,b,b,b,b,b,b,b,b,x,o,x,b,b,b,x,b,b,b,b,b,b,b,b,b,b,b,b,b,b,b,b,b,o,o,b,b,b,b,win
27369,b,b,b,b,b,b,o,x,b,b,b,b,x,b,b,b,b,b,o,o,b,b,b,b,b,b,b,b,b,b,x,x,b,b,b,b,o,b,b,b,b,b,win
62928,x,x,b,b,b,b,o,o,x,b,b,b,b,b,b,b,b,b,o,b,b,b,b,b,b,b,b,b,b,b,b,b,b,b,b,b,x,o,b,b,b,b,win
36472,b,b,b,b,b,b,b,b,b,b,b,b,x,x,o,x,x,o,b,b,b,b,b,b,o,b,b,b,b,b,b,b,b,b,b,b,o,b,b,b,b,b,win
28534,o,x,b,b,b,b,b,b,b,b,b,b,x,b,b,b,b,b,o,b,b,b,b,b,o,b,b,b,b,b,x,b,b,b,b,b,o,x,b,b,b,b,win
33468,o,b,b,b,b,b,x,b,b,b,b,b,x,o,o,b,b,b,b,b,b,b,b,b,b,b,b,b,b,b,b,b,b,b,b,b,x,x,o,b,b,b,loss
56189,b,b,b,b,b,b,x,x,b,b,b,b,o,b,b,b,b,b,b,b,b,b,b,b,b,b,b,b,b,b,o,b,b,b,b,b,x,x,o,o,b,b,loss
14273,b,b,b,b,b,b,o,x,o,o,b,b,b,b,b,b,b,b,x,x,o,b,b,b,b,b,b,b,b,b,b,b,b,b,b,b,x,b,b,b,b,b,win
26679,b,b,b,b,b,b,x,o,x,o,o,b,x,b,b,b,b,b,o,b,b,b,b,b,x,b,b,b,b,b,b,b,b,b,b,b,b,b,b,b,b,b,loss
6876,b,b,b,b,b,b,x,b,b,b,b,b,o,o,b,b,b,b,x,x,b,b,b,b,b,b,b,b,b,b,b,b,b,b,b,b,x,o,o,b,b,b,win
55865,x,o,o,x,b,b,x,x,b,b,b,b,o,b,b,b,b,b,b,b,b,b,b,b,o,b,b,b,b,b,b,b,b,b,b,b,b,b,b,b,b,b,win
13462,x,x,x,o,b,b,b,b,b,b,b,b,o,b,b,b,b,b,x,b,b,b,b,b,b,b,b,b,b,b,o,o,b,b,b,b,b,b,b,b,b,b,loss
63286,x,o,b,b,b,b,b,b,b,b,b,b,o,x,b,b,b,b,o,b,b,b,b,b,b,b,b,b,b,b,b,b,b,b,b,b,x,o,x,b,b,b,loss
64180,x,x,o,b,b,b,o,x,x,b,b,b,o,b,b,b,b,b,b,b,b,b,b,b,b,b,b,b,b,b,b,b,b,b,b,b,o,b,b,b,b,b,win
51355,x,o,o,b,b,b,x,o,x,x,b,b,b,b,b,b,b,b,o,b,b,b,b,b,b,b,b,b,b,b,b,b,b,b,b,b,b,b,b,b,b,b,win
61570,o,o,o,x,b,b,x,b,b,b,b,b,b,b,b,b,b,b,b,b,b,b,b,b,b,b,b,b,b,b,o,b,b,b,b,b,x,x,b,b,b,b,win
8151,x,b,b,b,b,b,b,b,b,b,b,b,o,b,b,b,b,b,x,x,b,b,b,b,b,b,b,b,b,b,x,o,b,b,b,b,o,o,b,b,b,b,win
23678,x,o,b,b,b,b,b,b,b,b,b,b,x,x,b,b,b,b,o,b,b,b,b,b,o,b,b,b,b,b,x,b,b,b,b,b,o,b,b,b,b,b,win
3200,b,b,b,b,b,b,x,x,o,b,b,b,o,b,b,b,b,b,x,o,o,x,b,b,b,b,b,b,b,b,b,b,b,b,b,b,b,b,b,b,b,b,loss
9776,b,b,b,b,b,b,b,b,b,b,b,b,o,x,b,b,b,b,x,b,b,b,b,b,x,b,b,b,b,b,o,x,o,b,b,b,o,b,b,b,b,b,win
63574,x,o,b,b,b,b,o,b,b,b,b,b,o,x,x,o,b,b,b,b,b,b,b,b,b,b,b,b,b,b,b,b,b,b,b,b,x,b,b,b,b,b,win
51769,b,b,b,b,b,b,x,b,b,b,b,b,o,x,b,b,b,b,o,o,b,b,b,b,b,b,b,b,b,b,b,b,b,b,b,b,x,o,x,b,b,b,loss
34446,b,b,b,b,b,b,o,x,b,b,b,b,x,o,o,b,b,b,b,b,b,b,b,b,b,b,b,b,b,b,x,b,b,b,b,b,x,o,b,b,b,b,loss
29106,x,o,o,b,b,b,b,b,b,b,b,b,x,b,b,b,b,b,o,b,b,b,b,b,o,x,x,b,b,b,b,b,b,b,b,b,b,b,b,b,b,b,win
18441,o,x,b,b,b,b,x,o,o,b,b,b,b,b,b,b,b,b,x,b,b,b,b,b,b,b,b,b,b,b,x,b,b,b,b,b,o,b,b,b,b,b,loss
28786,x,b,b,b,b,b,b,b,b,b,b,b,x,b,b,b,b,b,o,o,o,x,b,b,b,b,b,b,b,b,b,b,b,b,b,b,x,o,b,b,b,b,loss
42663,x,b,b,b,b,b,o,x,o,o,b,b,x,b,b,b,b,b,b,b,b,b,b,b,b,b,b,b,b,b,x,b,b,b,b,b,o,b,b,b,b,b,win
18892,o,x,x,o,o,b,b,b,b,b,b,b,b,b,b,b,b,b,x,b,b,b,b,b,b,b,b,b,b,b,x,b,b,b,b,b,o,b,b,b,b,b,win
36535,o,b,b,b,b,b,b,b,b,b,b,b,x,x,o,b,b,b,b,b,b,b,b,b,o,x,o,x,b,b,b,b,b,b,b,b,b,b,b,b,b,b,win
35284,o,o,b,b,b,b,b,b,b,b,b,b,x,o,b,b,b,b,b,b,b,b,b,b,b,b,b,b,b,b,x,x,x,o,b,b,b,b,b,b,b,b,draw
48601,x,o,b,b,b,b,x,o,b,b,b,b,b,b,b,b,b,b,o,x,x,b,b,b,b,b,b,b,b,b,b,b,b,b,b,b,o,b,b,b,b,b,win
11473,o,b,b,b,b,b,x,b,b,b,b,b,o,o,x,x,b,b,x,o,b,b,b,b,b,b,b,b,b,b,b,b,b,b,b,b,b,b,b,b,b,b,win
38288,o,b,b,b,b,b,b,b,b,b,b,b,x,b,b,b,b,b,b,b,b,b,b,b,o,x,o,o,x,b,x,b,b,b,b,b,b,b,b,b,b,b,draw
36171,b,b,b,b,b,b,o,x,x,b,b,b,x,o,b,b,b,b,b,b,b,b,b,b,b,b,b,b,b,b,b,b,b,b,b,b,x,o,o,b,b,b,win
49139,b,b,b,b,b,b,x,x,o,b,b,b,o,b,b,b,b,b,o,o,x,b,b,b,b,b,b,b,b,b,x,b,b,b,b,b,b,b,b,b,b,b,win
37881,o,o,x,b,b,b,x,o,b,b,b,b,x,x,b,b,b,b,b,b,b,b,b,b,o,b,b,b,b,b,b,b,b,b,b,b,b,b,b,b,b,b,win
43215,x,b,b,b,b,b,o,o,o,x,b,b,x,b,b,b,b,b,o,b,b,b,b,b,b,b,b,b,b,b,x,b,b,b,b,b,b,b,b,b,b,b,win
6589,b,b,b,b,b,b,b,b,b,b,b,b,o,o,b,b,b,b,x,x,b,b,b,b,x,b,b,b,b,b,o,o,b,b,b,b,x,b,b,b,b,b,win
22743,b,b,b,b,b,b,b,b,b,b,b,b,x,x,o,x,b,b,o,o,b,b,b,b,o,b,b,b,b,b,b,b,b,b,b,b,x,b,b,b,b,b,loss
61548,o,x,b,b,b,b,x,b,b,b,b,b,o,b,b,b,b,b,b,b,b,b,b,b,b,b,b,b,b,b,b,b,b,b,b,b,o,x,x,o,b,b,win
46255,o,o,x,b,b,b,b,b,b,b,b,b,x,b,b,b,b,b,b,b,b,b,b,b,o,b,b,b,b,b,x,b,b,b,b,b,o,x,b,b,b,b,win
8288,b,b,b,b,b,b,b,b,b,b,b,b,o,x,o,x,o,o,x,x,b,b,b,b,b,b,b,b,b,b,b,b,b,b,b,b,b,b,b,b,b,b,win
36593,x,b,b,b,b,b,b,b,b,b,b,b,x,x,o,x,b,b,b,b,b,b,b,b,o,b,b,b,b,b,o,o,b,b,b,b,b,b,b,b,b,b,win
45992,o,x,b,b,b,b,x,o,x,o,b,b,x,b,b,b,b,b,b,b,b,b,b,b,b,b,b,b,b,b,b,b,b,b,b,b,o,b,b,b,b,b,win
9837,b,b,b,b,b,b,x,b,b,b,b,b,o,x,b,b,b,b,x,b,b,b,b,b,b,b,b,b,b,b,o,b,b,b,b,b,o,x,o,b,b,b,win
26269,x,b,b,b,b,b,x,b,b,b,b,b,x,o,o,x,o,b,o,b,b,b,b,b,b,b,b,b,b,b,b,b,b,b,b,b,b,b,b,b,b,b,loss
63827,x,o,b,b,b,b,b,b,b,b,b,b,o,x,x,b,b,b,b,b,b,b,b,b,b,b,b,b,b,b,o,o,b,b,b,b,x,b,b,b,b,b,win
51883,o,o,b,b,b,b,x,b,b,b,b,b,o,x,b,b,b,b,o,b,b,b,b,b,b,b,b,b,b,b,b,b,b,b,b,b,x,x,b,b,b,b,win
52133,o,b,b,b,b,b,x,b,b,b,b,b,o,x,x,b,b,b,o,b,b,b,b,b,b,b,b,b,b,b,b,b,b,b,b,b,o,x,b,b,b,b,win
31260,x,b,b,b,b,b,b,b,b,b,b,b,x,o,x,b,b,b,b,b,b,b,b,b,o,o,b,b,b,b,x,b,b,b,b,b,o,b,b,b,b,b,win
13036,b,b,b,b,b,b,b,b,b,b,b,b,o,o,b,b,b,b,x,b,b,b,b,b,b,b,b,b,b,b,x,b,b,b,b,b,o,x,o,x,b,b,loss
7909,o,o,b,b,b,b,b,b,b,b,b,b,o,b,b,b,b,b,x,x,b,b,b,b,x,x,o,b,b,b,b,b,b,b,b,b,b,b,b,b,b,b,win
6728,b,b,b,b,b,b,b,b,b,b,b,b,o,o,b,b,b,b,x,x,b,b,b,b,o,b,b,b,b,b,x,o,b,b,b,b,x,b,b,b,b,b,win
15686,o,b,b,b,b,b,o,o,b,b,b,b,x,b,b,b,b,b,x,b,b,b,b,b,b,b,b,b,b,b,o,b,b,b,b,b,x,x,b,b,b,b,loss
14803,o,x,b,b,b,b,o,x,b,b,b,b,o,b,b,b,b,b,x,b,b,b,b,b,b,b,b,b,b,b,b,b,b,b,b,b,x,o,b,b,b,b,win
5667,o,b,b,b,b,b,x,b,b,b,b,b,o,x,o,b,b,b,x,x,o,b,b,b,b,b,b,b,b,b,b,b,b,b,b,b,b,b,b,b,b,b,draw
39317,b,b,b,b,b,b,x,o,x,x,b,b,x,b,b,b,b,b,b,b,b,b,b,b,o,o,b,b,b,b,o,b,b,b,b,b,b,b,b,b,b,b,win
43498,o,x,x,o,b,b,o,b,b,b,b,b,x,b,b,b,b,b,b,b,b,b,b,b,b,b,b,b,b,b,x,o,b,b,b,b,b,b,b,b,b,b,win
66447,x,o,o,o,x,b,b,b,b,b,b,b,b,b,b,b,b,b,x,x,b,b,b,b,o,b,b,b,b,b,b,b,b,b,b,b,b,b,b,b,b,b,win
6725,x,o,b,b,b,b,b,b,b,b,b,b,o,o,b,b,b,b,x,x,b,b,b,b,o,b,b,b,b,b,x,b,b,b,b,b,b,b,b,b,b,b,win
9186,b,b,b,b,b,b,o,b,b,b,b,b,o,x,b,b,b,b,x,b,b,b,b,b,o,b,b,b,b,b,x,b,b,b,b,b,o,x,b,b,b,b,win
29835,x,x,b,b,b,b,o,b,b,b,b,b,x,b,b,b,b,b,o,b,b,b,b,b,b,b,b,b,b,b,b,b,b,b,b,b,o,o,x,b,b,b,loss
16622,x,o,x,b,b,b,o,x,o,b,b,b,b,b,b,b,b,b,x,b,b,b,b,b,b,b,b,b,b,b,o,b,b,b,b,b,b,b,b,b,b,b,win
2497,o,b,b,b,b,b,o,x,b,b,b,b,x,b,b,b,b,b,x,o,b,b,b,b,o,x,b,b,b,b,b,b,b,b,b,b,b,b,b,b,b,b,win
8153,b,b,b,b,b,b,b,b,b,b,b,b,o,b,b,b,b,b,x,x,b,b,b,b,b,b,b,b,b,b,x,o,b,b,b,b,o,x,o,b,b,b,win
3377,b,b,b,b,b,b,x,x,b,b,b,b,b,b,b,b,b,b,x,o,o,b,b,b,o,b,b,b,b,b,o,x,b,b,b,b,b,b,b,b,b,b,draw
3542,b,b,b,b,b,b,x,b,b,b,b,b,o,x,o,o,b,b,x,o,b,b,b,b,b,b,b,b,b,b,x,b,b,b,b,b,b,b,b,b,b,b,loss
16574,b,b,b,b,b,b,o,x,x,o,b,b,o,b,b,b,b,b,x,b,b,b,b,b,b,b,b,b,b,b,b,b,b,b,b,b,o,x,b,b,b,b,win
60688,b,b,b,b,b,b,x,b,b,b,b,b,o,o,b,b,b,b,b,b,b,b,b,b,b,b,b,b,b,b,o,x,b,b,b,b,o,x,x,b,b,b,loss
44733,b,b,b,b,b,b,x,b,b,b,b,b,x,b,b,b,b,b,b,b,b,b,b,b,b,b,b,b,b,b,o,x,o,o,b,b,o,x,b,b,b,b,win
508,b,b,b,b,b,b,b,b,b,b,b,b,o,o,b,b,b,b,x,o,x,x,b,b,x,b,b,b,b,b,b,b,b,b,b,b,o,b,b,b,b,b,win
54984,x,o,o,b,b,b,x,x,b,b,b,b,o,b,b,b,b,b,b,b,b,b,b,b,b,b,b,b,b,b,b,b,b,b,b,b,o,x,b,b,b,b,win
7099,b,b,b,b,b,b,o,b,b,b,b,b,o,x,b,b,b,b,x,x,x,o,b,b,b,b,b,b,b,b,o,b,b,b,b,b,b,b,b,b,b,b,win
48250,o,b,b,b,b,b,x,b,b,b,b,b,o,b,b,b,b,b,o,x,b,b,b,b,b,b,b,b,b,b,x,x,b,b,b,b,o,b,b,b,b,b,win
32332,o,x,o,o,b,b,b,b,b,b,b,b,x,o,x,b,b,b,b,b,b,b,b,b,x,b,b,b,b,b,b,b,b,b,b,b,b,b,b,b,b,b,win
53105,b,b,b,b,b,b,x,o,x,o,x,b,o,x,o,b,b,b,b,b,b,b,b,b,b,b,b,b,b,b,b,b,b,b,b,b,b,b,b,b,b,b,loss
38760,o,b,b,b,b,b,x,b,b,b,b,b,x,b,b,b,b,b,b,b,b,b,b,b,o,x,x,o,b,b,o,b,b,b,b,b,b,b,b,b,b,b,win
11979,b,b,b,b,b,b,x,b,b,b,b,b,o,b,b,b,b,b,x,b,b,b,b,b,o,o,x,o,b,b,b,b,b,b,b,b,x,b,b,b,b,b,win
27325,b,b,b,b,b,b,o,b,b,b,b,b,x,b,b,b,b,b,o,o,b,b,b,b,o,b,b,b,b,b,x,x,b,b,b,b,x,b,b,b,b,b,win
21275,x,b,b,b,b,b,o,o,b,b,b,b,x,b,b,b,b,b,o,x,b,b,b,b,x,b,b,b,b,b,o,b,b,b,b,b,b,b,b,b,b,b,win
47329,b,b,b,b,b,b,x,b,b,b,b,b,o,b,b,b,b,b,o,x,o,x,o,b,b,b,b,b,b,b,x,b,b,b,b,b,b,b,b,b,b,b,win
11893,o,x,b,b,b,b,x,x,b,b,b,b,o,b,b,b,b,b,x,b,b,b,b,b,o,b,b,b,b,b,o,b,b,b,b,b,b,b,b,b,b,b,win
44743,b,b,b,b,b,b,x,x,o,b,b,b,x,b,b,b,b,b,b,b,b,b,b,b,b,b,b,b,b,b,o,b,b,b,b,b,o,o,x,b,b,b,win
36714,b,b,b,b,b,b,b,b,b,b,b,b,x,x,o,o,b,b,b,b,b,b,b,b,o,b,b,b,b,b,x,x,b,b,b,b,o,b,b,b,b,b,win
45948,o,x,b,b,b,b,x,o,o,x,b,b,x,o,b,b,b,b,b,b,b,b,b,b,b,b,b,b,b,b,b,b,b,b,b,b,b,b,b,b,b,b,win
28773,x,x,o,o,b,b,b,b,b,b,b,b,x,x,b,b,b,b,o,o,b,b,b,b,b,b,b,b,b,b,b,b,b,b,b,b,b,b,b,b,b,b,win
14590,x,b,b,b,b,b,o,b,b,b,b,b,b,b,b,b,b,b,x,x,o,b,b,b,b,b,b,b,b,b,x,o,b,b,b,b,o,b,b,b,b,b,win
65932,x,b,b,b,b,b,o,x,o,x,o,b,b,b,b,b,b,b,b,b,b,b,b,b,b,b,b,b,b,b,b,b,b,b,b,b,o,x,b,b,b,b,draw
14616,b,b,b,b,b,b,o,o,x,o,o,b,b,b,b,b,b,b,x,x,b,b,b,b,x,b,b,b,b,b,b,b,b,b,b,b,b,b,b,b,b,b,win
10976,o,x,o,b,b,b,o,b,b,b,b,b,o,b,b,b,b,b,x,b,b,b,b,b,x,x,b,b,b,b,b,b,b,b,b,b,b,b,b,b,b,b,win
23579,o,x,b,b,b,b,x,o,b,b,b,b,x,x,b,b,b,b,o,b,b,b,b,b,o,b,b,b,b,b,b,b,b,b,b,b,b,b,b,b,b,b,win
47496,x,o,b,b,b,b,x,x,b,b,b,b,b,b,b,b,b,b,o,x,o,b,b,b,o,b,b,b,b,b,b,b,b,b,b,b,b,b,b,b,b,b,loss
32776,b,b,b,b,b,b,o,b,b,b,b,b,x,o,o,b,b,b,b,b,b,b,b,b,x,b,b,b,b,b,o,b,b,b,b,b,x,x,b,b,b,b,loss
8875,b,b,b,b,b,b,b,b,b,b,b,b,o,x,o,b,b,b,x,b,b,b,b,b,b,b,b,b,b,b,b,b,b,b,b,b,x,o,x,o,b,b,win
61928,b,b,b,b,b,b,x,b,b,b,b,b,b,b,b,b,b,b,o,b,b,b,b,b,b,b,b,b,b,b,b,b,b,b,b,b,o,x,o,x,o,x,draw
44033,x,b,b,b,b,b,o,o,b,b,b,b,x,b,b,b,b,b,b,b,b,b,b,b,b,b,b,b,b,b,o,b,b,b,b,b,o,x,x,b,b,b,draw
52604,b,b,b,b,b,b,x,o,x,o,b,b,o,x,o,b,b,b,b,b,b,b,b,b,b,b,b,b,b,b,b,b,b,b,b,b,x,b,b,b,b,b,loss
28173,b,b,b,b,b,b,o,x,o,b,b,b,x,b,b,b,b,b,o,b,b,b,b,b,b,b,b,b,b,b,x,o,b,b,b,b,x,b,b,b,b,b,loss
20863,b,b,b,b,b,b,x,b,b,b,b,b,x,b,b,b,b,b,o,x,o,b,b,b,o,o,x,b,b,b,b,b,b,b,b,b,b,b,b,b,b,b,win
19214,o,b,b,b,b,b,o,b,b,b,b,b,x,x,b,b,b,b,o,x,o,b,b,b,b,b,b,b,b,b,x,b,b,b,b,b,b,b,b,b,b,b,win
3068,o,x,x,b,b,b,b,b,b,b,b,b,x,o,b,b,b,b,x,o,b,b,b,b,b,b,b,b,b,b,b,b,b,b,b,b,o,b,b,b,b,b,win
43632,x,o,b,b,b,b,o,o,x,b,b,b,x,b,b,b,b,b,b,b,b,b,b,b,b,b,b,b,b,b,b,b,b,b,b,b,o,x,b,b,b,b,draw
51743,x,o,x,o,o,b,x,b,b,b,b,b,b,b,b,b,b,b,o,b,b,b,b,b,b,b,b,b,b,b,b,b,b,b,b,b,x,b,b,b,b,b,draw
36278,b,b,b,b,b,b,o,b,b,b,b,b,x,o,b,b,b,b,b,b,b,b,b,b,b,b,b,b,b,b,o,x,b,b,b,b,x,o,x,b,b,b,loss
50788,x,o,b,b,b,b,x,o,x,b,b,b,b,b,b,b,b,b,o,b,b,b,b,b,b,b,b,b,b,b,x,b,b,b,b,b,o,b,b,b,b,b,win
31901,b,b,b,b,b,b,b,b,b,b,b,b,x,o,x,x,o,o,b,b,b,b,b,b,x,b,b,b,b,b,o,b,b,b,b,b,b,b,b,b,b,b,win
61282,o,x,x,b,b,b,x,b,b,b,b,b,b,b,b,b,b,b,o,o,x,b,b,b,b,b,b,b,b,b,b,b,b,b,b,b,o,b,b,b,b,b,win
33927,b,b,b,b,b,b,x,b,b,b,b,b,x,o,b,b,b,b,b,b,b,b,b,b,b,b,b,b,b,b,o,o,b,b,b,b,x,x,o,b,b,b,win
16519,b,b,b,b,b,b,o,x,o,x,o,b,b,b,b,b,b,b,x,b,b,b,b,b,b,b,b,b,b,b,o,x,b,b,b,b,b,b,b,b,b,b,win
27733,x,b,b,b,b,b,b,b,b,b,b,b,x,o,o,b,b,b,o,b,b,b,b,b,b,b,b,b,b,b,x,o,b,b,b,b,x,b,b,b,b,b,loss
24417,b,b,b,b,b,b,b,b,b,b,b,b,x,x,b,b,b,b,o,b,b,b,b,b,x,b,b,b,b,b,x,o,o,b,b,b,o,b,b,b,b,b,loss
43443,b,b,b,b,b,b,o,b,b,b,b,b,x,b,b,b,b,b,b,b,b,b,b,b,b,b,b,b,b,b,x,x,b,b,b,b,o,x,o,o,b,b,win
38966,o,x,x,o,b,b,b,b,b,b,b,b,x,b,b,b,b,b,o,b,b,b,b,b,o,x,b,b,b,b,b,b,b,b,b,b,b,b,b,b,b,b,win
42530,b,b,b,b,b,b,o,x,x,o,x,b,x,b,b,b,b,b,b,b,b,b,b,b,o,o,b,b,b,b,b,b,b,b,b,b,b,b,b,b,b,b,loss
59873,x,x,b,b,b,b,x,o,b,b,b,b,b,b,b,b,b,b,b,b,b,b,b,b,b,b,b,b,b,b,b,b,b,b,b,b,o,o,x,o,b,b,win
57570,b,b,b,b,b,b,x,x,o,o,x,b,b,b,b,b,b,b,b,b,b,b,b,b,o,b,b,b,b,b,b,b,b,b,b,b,x,o,b,b,b,b,loss
64369,x,x,o,o,x,o,b,b,b,b,b,b,o,b,b,b,b,b,b,b,b,b,b,b,x,b,b,b,b,b,b,b,b,b,b,b,b,b,b,b,b,b,win
15382,b,b,b,b,b,b,o,x,b,b,b,b,x,o,o,b,b,b,x,b,b,b,b,b,b,b,b,b,b,b,b,b,b,b,b,b,o,x,b,b,b,b,draw
29894,b,b,b,b,b,b,b,b,b,b,b,b,x,b,b,b,b,b,o,b,b,b,b,b,o,x,o,x,b,b,o,b,b,b,b,b,x,b,b,b,b,b,win
28736,x,x,b,b,b,b,b,b,b,b,b,b,x,b,b,b,b,b,o,o,x,o,b,b,b,b,b,b,b,b,o,b,b,b,b,b,b,b,b,b,b,b,loss
34409,b,b,b,b,b,b,o,b,b,b,b,b,x,o,o,b,b,b,b,b,b,b,b,b,o,x,x,b,b,b,x,b,b,b,b,b,b,b,b,b,b,b,win
8246,b,b,b,b,b,b,b,b,b,b,b,b,o,x,x,o,b,b,x,o,b,b,b,b,b,b,b,b,b,b,o,x,b,b,b,b,b,b,b,b,b,b,win
53449,o,o,x,o,b,b,x,b,b,b,b,b,o,x,x,b,b,b,b,b,b,b,b,b,b,b,b,b,b,b,b,b,b,b,b,b,b,b,b,b,b,b,win
60518,b,b,b,b,b,b,x,x,o,b,b,b,b,b,b,b,b,b,b,b,b,b,b,b,b,b,b,b,b,b,o,x,o,o,x,b,b,b,b,b,b,b,loss
61680,b,b,b,b,b,b,x,x,b,b,b,b,b,b,b,b,b,b,b,b,b,b,b,b,b,b,b,b,b,b,o,o,b,b,b,b,o,o,x,x,b,b,win
26843,x,b,b,b,b,b,x,o,o,x,b,b,x,b,b,b,b,b,o,b,b,b,b,b,b,b,b,b,b,b,b,b,b,b,b,b,o,b,b,b,b,b,loss
5364,x,x,b,b,b,b,b,b,b,b,b,b,b,b,b,b,b,b,x,o,b,b,b,b,b,b,b,b,b,b,o,b,b,b,b,b,o,o,x,b,b,b,win
20047,b,b,b,b,b,b,b,b,b,b,b,b,x,o,x,o,b,b,o,x,b,b,b,b,b,b,b,b,b,b,x,o,b,b,b,b,b,b,b,b,b,b,win
20218,b,b,b,b,b,b,o,x,b,b,b,b,x,o,b,b,b,b,o,x,b,b,b,b,x,b,b,b,b,b,o,b,b,b,b,b,b,b,b,b,b,b,win
40449,x,b,b,b,b,b,o,b,b,b,b,b,x,b,b,b,b,b,b,b,b,b,b,b,o,o,b,b,b,b,o,b,b,b,b,b,x,x,b,b,b,b,loss
57959,x,o,b,b,b,b,x,b,b,b,b,b,b,b,b,b,b,b,b,b,b,b,b,b,o,o,b,b,b,b,b,b,b,b,b,b,x,o,x,b,b,b,loss
4588,x,b,b,b,b,b,b,b,b,b,b,b,b,b,b,b,b,b,x,o,o,x,b,b,o,x,b,b,b,b,o,b,b,b,b,b,b,b,b,b,b,b,win
23272,x,o,b,b,b,b,b,b,b,b,b,b,x,x,o,o,x,b,o,b,b,b,b,b,b,b,b,b,b,b,b,b,b,b,b,b,b,b,b,b,b,b,loss
13751,b,b,b,b,b,b,o,x,b,b,b,b,o,o,b,b,b,b,x,b,b,b,b,b,b,b,b,b,b,b,o,x,b,b,b,b,x,b,b,b,b,b,win
48217,b,b,b,b,b,b,x,o,b,b,b,b,o,b,b,b,b,b,o,x,b,b,b,b,b,b,b,b,b,b,x,x,b,b,b,b,o,b,b,b,b,b,win
8335,b,b,b,b,b,b,b,b,b,b,b,b,o,x,o,x,b,b,x,b,b,b,b,b,o,x,b,b,b,b,o,b,b,b,b,b,b,b,b,b,b,b,win
54688,o,o,b,b,b,b,x,x,b,b,b,b,o,b,b,b,b,b,b,b,b,b,b,b,b,b,b,b,b,b,x,b,b,b,b,b,x,o,b,b,b,b,win
4034,o,x,b,b,b,b,x,b,b,b,b,b,b,b,b,b,b,b,x,o,b,b,b,b,o,x,b,b,b,b,o,b,b,b,b,b,b,b,b,b,b,b,win
34252,o,o,b,b,b,b,b,b,b,b,b,b,x,o,o,x,b,b,b,b,b,b,b,b,b,b,b,b,b,b,x,x,b,b,b,b,b,b,b,b,b,b,win
4913,x,x,o,b,b,b,b,b,b,b,b,b,o,b,b,b,b,b,x,o,b,b,b,b,b,b,b,b,b,b,b,b,b,b,b,b,x,o,b,b,b,b,draw
8042,o,o,x,b,b,b,b,b,b,b,b,b,o,b,b,b,b,b,x,x,b,b,b,b,b,b,b,b,b,b,o,b,b,b,b,b,x,b,b,b,b,b,win
2384,b,b,b,b,b,b,b,b,b,b,b,b,x,x,b,b,b,b,x,o,b,b,b,b,o,o,b,b,b,b,o,b,b,b,b,b,x,b,b,b,b,b,win
25579,b,b,b,b,b,b,x,b,b,b,b,b,x,b,b,b,b,b,o,o,x,b,b,b,b,b,b,b,b,b,o,x,o,b,b,b,b,b,b,b,b,b,win
56071,b,b,b,b,b,b,x,o,x,b,b,b,o,o,b,b,b,b,b,b,b,b,b,b,b,b,b,b,b,b,o,x,b,b,b,b,x,b,b,b,b,b,loss
26201,o,b,b,b,b,b,x,x,o,b,b,b,x,o,b,b,b,b,o,b,b,b,b,b,b,b,b,b,b,b,x,b,b,b,b,b,b,b,b,b,b,b,loss
17874,o,o,o,x,b,b,b,b,b,b,b,b,b,b,b,b,b,b,x,x,o,b,b,b,b,b,b,b,b,b,x,b,b,b,b,b,b,b,b,b,b,b,win
46127,o,x,b,b,b,b,b,b,b,b,b,b,x,b,b,b,b,b,b,b,b,b,b,b,b,b,b,b,b,b,x,o,x,o,o,b,b,b,b,b,b,b,win
16154,b,b,b,b,b,b,o,x,x,o,b,b,b,b,b,b,b,b,x,b,b,b,b,b,x,o,b,b,b,b,b,b,b,b,b,b,o,b,b,b,b,b,win
63862,x,o,o,b,b,b,b,b,b,b,b,b,o,x,x,o,x,b,b,b,b,b,b,b,b,b,b,b,b,b,b,b,b,b,b,b,b,b,b,b,b,b,win
27253,o,x,b,b,b,b,b,b,b,b,b,b,x,o,b,b,b,b,o,o,x,b,b,b,b,b,b,b,b,b,x,b,b,b,b,b,b,b,b,b,b,b,win
51100,x,x,b,b,b,b,x,o,b,b,b,b,b,b,b,b,b,b,o,o,o,x,b,b,b,b,b,b,b,b,b,b,b,b,b,b,b,b,b,b,b,b,loss
56344,b,b,b,b,b,b,x,o,x,o,b,b,o,b,b,b,b,b,b,b,b,b,b,b,o,x,x,b,b,b,b,b,b,b,b,b,b,b,b,b,b,b,draw
18542,o,o,x,x,b,b,b,b,b,b,b,b,b,b,b,b,b,b,x,o,o,b,b,b,b,b,b,b,b,b,x,b,b,b,b,b,b,b,b,b,b,b,win
578,b,b,b,b,b,b,b,b,b,b,b,b,o,x,b,b,b,b,x,o,x,x,b,b,b,b,b,b,b,b,o,b,b,b,b,b,o,b,b,b,b,b,win
42329,o,b,b,b,b,b,o,x,o,b,b,b,x,b,b,b,b,b,b,b,b,b,b,b,x,b,b,b,b,b,o,x,b,b,b,b,b,b,b,b,b,b,win
8447,b,b,b,b,b,b,b,b,b,b,b,b,o,x,o,o,x,b,x,b,b,b,b,b,x,o,b,b,b,b,b,b,b,b,b,b,b,b,b,b,b,b,win
33452,b,b,b,b,b,b,x,b,b,b,b,b,x,o,o,b,b,b,b,b,b,b,b,b,b,b,b,b,b,b,o,x,o,b,b,b,x,b,b,b,b,b,win
13191,x,x,b,b,b,b,b,b,b,b,b,b,o,o,b,b,b,b,x,b,b,b,b,b,b,b,b,b,b,b,b,b,b,b,b,b,o,x,o,b,b,b,win
5597,b,b,b,b,b,b,b,b,b,b,b,b,o,b,b,b,b,b,x,x,o,x,b,b,b,b,b,b,b,b,x,b,b,b,b,b,o,o,b,b,b,b,draw
1639,o,x,b,b,b,b,b,b,b,b,b,b,x,o,b,b,b,b,x,o,x,b,b,b,b,b,b,b,b,b,b,b,b,b,b,b,o,b,b,b,b,b,win
54148,o,b,b,b,b,b,x,x,b,b,b,b,o,o,o,x,b,b,b,b,b,b,b,b,b,b,b,b,b,b,x,b,b,b,b,b,b,b,b,b,b,b,win
38888,o,o,b,b,b,b,x,o,x,b,b,b,x,b,b,b,b,b,b,b,b,b,b,b,o,x,b,b,b,b,b,b,b,b,b,b,b,b,b,b,b,b,draw
53075,o,b,b,b,b,b,x,o,x,o,b,b,o,x,b,b,b,b,b,b,b,b,b,b,b,b,b,b,b,b,b,b,b,b,b,b,x,b,b,b,b,b,win
7510,b,b,b,b,b,b,x,b,b,b,b,b,o,b,b,b,b,b,x,x,x,o,o,b,b,b,b,b,b,b,o,b,b,b,b,b,b,b,b,b,b,b,win
11438,x,b,b,b,b,b,b,b,b,b,b,b,o,b,b,b,b,b,x,b,b,b,b,b,x,b,b,b,b,b,b,b,b,b,b,b,o,o,x,o,b,b,win
67276,x,x,o,o,x,b,b,b,b,b,b,b,b,b,b,b,b,b,b,b,b,b,b,b,x,o,b,b,b,b,b,b,b,b,b,b,o,b,b,b,b,b,draw
18885,b,b,b,b,b,b,b,b,b,b,b,b,x,x,b,b,b,b,o,x,o,x,o,o,b,b,b,b,b,b,b,b,b,b,b,b,b,b,b,b,b,b,loss
60726,x,x,b,b,b,b,x,b,b,b,b,b,b,b,b,b,b,b,b,b,b,b,b,b,b,b,b,b,b,b,o,o,x,o,b,b,o,b,b,b,b,b,win
39328,b,b,b,b,b,b,x,o,o,x,b,b,x,b,b,b,b,b,o,b,b,b,b,b,o,x,b,b,b,b,b,b,b,b,b,b,b,b,b,b,b,b,win
56755,o,x,b,b,b,b,x,o,b,b,b,b,b,b,b,b,b,b,b,b,b,b,b,b,o,x,x,b,b,b,b,b,b,b,b,b,o,b,b,b,b,b,win
25926,b,b,b,b,b,b,x,b,b,b,b,b,x,b,b,b,b,b,o,o,b,b,b,b,o,b,b,b,b,b,b,b,b,b,b,b,x,x,o,b,b,b,loss
37434,b,b,b,b,b,b,o,x,o,b,b,b,x,x,b,b,b,b,b,b,b,b,b,b,o,b,b,b,b,b,b,b,b,b,b,b,x,o,b,b,b,b,win
49721,o,o,b,b,b,b,x,x,b,b,b,b,o,x,b,b,b,b,o,b,b,b,b,b,b,b,b,b,b,b,b,b,b,b,b,b,x,b,b,b,b,b,win
37120,b,b,b,b,b,b,b,b,b,b,b,b,x,x,b,b,b,b,b,b,b,b,b,b,o,o,x,o,b,b,x,b,b,b,b,b,o,b,b,b,b,b,win
5798,b,b,b,b,b,b,b,b,b,b,b,b,o,x,o,b,b,b,x,x,o,b,b,b,b,b,b,b,b,b,b,b,b,b,b,b,o,x,b,b,b,b,draw
44138,o,b,b,b,b,b,b,b,b,b,b,b,x,x,o,b,b,b,b,b,b,b,b,b,b,b,b,b,b,b,o,x,o,b,b,b,x,b,b,b,b,b,loss
29621,b,b,b,b,b,b,o,b,b,b,b,b,x,b,b,b,b,b,o,o,x,b,b,b,b,b,b,b,b,b,o,b,b,b,b,b,x,x,b,b,b,b,win
1889,b,b,b,b,b,b,b,b,b,b,b,b,x,o,b,b,b,b,x,o,o,x,b,b,b,b,b,b,b,b,o,x,b,b,b,b,b,b,b,b,b,b,win
40022,b,b,b,b,b,b,o,o,b,b,b,b,x,b,b,b,b,b,b,b,b,b,b,b,o,b,b,b,b,b,x,o,x,b,b,b,x,b,b,b,b,b,win
66582,x,o,o,b,b,b,b,b,b,b,b,b,b,b,b,b,b,b,x,b,b,b,b,b,x,x,o,o,b,b,b,b,b,b,b,b,b,b,b,b,b,b,win
15279,o,b,b,b,b,b,o,b,b,b,b,b,x,o,x,x,o,b,x,b,b,b,b,b,b,b,b,b,b,b,b,b,b,b,b,b,b,b,b,b,b,b,win
1807,b,b,b,b,b,b,b,b,b,b,b,b,x,o,b,b,b,b,x,o,o,x,x,b,b,b,b,b,b,b,b,b,b,b,b,b,o,b,b,b,b,b,win
29869,b,b,b,b,b,b,o,o,b,b,b,b,x,b,b,b,b,b,o,b,b,b,b,b,o,x,b,b,b,b,b,b,b,b,b,b,x,x,b,b,b,b,win
58683,b,b,b,b,b,b,x,o,x,o,x,x,o,o,b,b,b,b,b,b,b,b,b,b,b,b,b,b,b,b,b,b,b,b,b,b,b,b,b,b,b,b,loss
28772,x,b,b,b,b,b,o,b,b,b,b,b,x,b,b,b,b,b,o,o,x,b,b,b,b,b,b,b,b,b,o,x,b,b,b,b,b,b,b,b,b,b,win
53253,b,b,b,b,b,b,x,o,b,b,b,b,o,x,b,b,b,b,b,b,b,b,b,b,b,b,b,b,b,b,x,b,b,b,b,b,x,o,o,b,b,b,win
6819,x,o,o,b,b,b,x,b,b,b,b,b,o,o,b,b,b,b,x,x,b,b,b,b,b,b,b,b,b,b,b,b,b,b,b,b,b,b,b,b,b,b,win
61245,o,b,b,b,b,b,x,b,b,b,b,b,b,b,b,b,b,b,b,b,b,b,b,b,b,b,b,b,b,b,o,x,b,b,b,b,x,o,o,x,b,b,win
24401,b,b,b,b,b,b,x,b,b,b,b,b,x,x,b,b,b,b,o,o,b,b,b,b,b,b,b,b,b,b,b,b,b,b,b,b,o,o,x,b,b,b,win
46393,o,x,x,o,x,b,b,b,b,b,b,b,x,b,b,b,b,b,b,b,b,b,b,b,o,b,b,b,b,b,o,b,b,b,b,b,b,b,b,b,b,b,loss
65654,x,o,b,b,b,b,o,x,x,o,x,b,b,b,b,b,b,b,b,b,b,b,b,b,b,b,b,b,b,b,o,b,b,b,b,b,b,b,b,b,b,b,win
37585,b,b,b,b,b,b,x,b,b,b,b,b,x,x,b,b,b,b,b,b,b,b,b,b,o,x,o,o,b,b,o,b,b,b,b,b,b,b,b,b,b,b,win
31910,b,b,b,b,b,b,x,b,b,b,b,b,x,o,x,x,o,b,b,b,b,b,b,b,b,b,b,b,b,b,o,o,b,b,b,b,b,b,b,b,b,b,win
20491,b,b,b,b,b,b,x,o,b,b,b,b,x,o,b,b,b,b,o,x,b,b,b,b,b,b,b,b,b,b,b,b,b,b,b,b,x,o,b,b,b,b,draw
7134,o,b,b,b,b,b,o,b,b,b,b,b,o,x,o,x,b,b,x,x,b,b,b,b,b,b,b,b,b,b,b,b,b,b,b,b,b,b,b,b,b,b,win
53474,o,b,b,b,b,b,x,b,b,b,b,b,o,x,b,b,b,b,b,b,b,b,b,b,b,b,b,b,b,b,o,b,b,b,b,b,x,x,o,b,b,b,win
17484,b,b,b,b,b,b,o,o,x,b,b,b,b,b,b,b,b,b,x,b,b,b,b,b,b,b,b,b,b,b,o,b,b,b,b,b,x,o,x,b,b,b,win
33600,b,b,b,b,b,b,x,x,o,x,b,b,x,o,b,b,b,b,b,b,b,b,b,b,o,b,b,b,b,b,b,b,b,b,b,b,o,b,b,b,b,b,win
51396,x,b,b,b,b,b,x,o,o,x,o,b,b,b,b,b,b,b,o,b,b,b,b,b,b,b,b,b,b,b,b,b,b,b,b,b,x,b,b,b,b,b,win
55736,x,o,x,b,b,b,x,o,x,o,b,b,o,b,b,b,b,b,b,b,b,b,b,b,b,b,b,b,b,b,b,b,b,b,b,b,b,b,b,b,b,b,loss
17444,x,o,x,o,b,b,o,b,b,b,b,b,b,b,b,b,b,b,x,b,b,b,b,b,b,b,b,b,b,b,b,b,b,b,b,b,o,x,b,b,b,b,win
39062,o,o,x,b,b,b,b,b,b,b,b,b,x,b,b,b,b,b,b,b,b,b,b,b,o,x,b,b,b,b,b,b,b,b,b,b,x,o,b,b,b,b,win
42516,b,b,b,b,b,b,o,x,b,b,b,b,x,b,b,b,b,b,b,b,b,b,b,b,x,b,b,b,b,b,o,b,b,b,b,b,o,o,x,b,b,b,win
17300,o,x,o,x,b,b,o,b,b,b,b,b,b,b,b,b,b,b,x,b,b,b,b,b,b,b,b,b,b,b,x,b,b,b,b,b,o,b,b,b,b,b,win
45902,o,o,x,x,b,b,b,b,b,b,b,b,x,b,b,b,b,b,b,b,b,b,b,b,x,o,b,b,b,b,b,b,b,b,b,b,o,b,b,b,b,b,win
57480,b,b,b,b,b,b,x,x,x,o,x,b,b,b,b,b,b,b,b,b,b,b,b,b,o,b,b,b,b,b,o,o,b,b,b,b,b,b,b,b,b,b,loss
7714,o,o,b,b,b,b,x,b,b,b,b,b,o,b,b,b,b,b,x,x,b,b,b,b,b,b,b,b,b,b,o,b,b,b,b,b,x,b,b,b,b,b,win
59363,b,b,b,b,b,b,x,o,o,b,b,b,b,b,b,b,b,b,b,b,b,b,b,b,b,b,b,b,b,b,x,x,x,o,b,b,o,b,b,b,b,b,draw
4699,x,x,b,b,b,b,b,b,b,b,b,b,b,b,b,b,b,b,x,o,o,b,b,b,b,b,b,b,b,b,o,x,o,b,b,b,b,b,b,b,b,b,loss
23388,b,b,b,b,b,b,b,b,b,b,b,b,x,x,o,b,b,b,o,b,b,b,b,b,x,b,b,b,b,b,b,b,b,b,b,b,x,o,o,b,b,b,loss
59845,b,b,b,b,b,b,x,o,o,x,o,x,o,b,b,b,b,b,b,b,b,b,b,b,b,b,b,b,b,b,b,b,b,b,b,b,x,b,b,b,b,b,loss
41147,o,b,b,b,b,b,o,b,b,b,b,b,x,x,o,b,b,b,b,b,b,b,b,b,x,x,b,b,b,b,b,b,b,b,b,b,o,b,b,b,b,b,win
10922,b,b,b,b,b,b,o,b,b,b,b,b,o,x,b,b,b,b,x,b,b,b,b,b,x,x,o,o,b,b,b,b,b,b,b,b,b,b,b,b,b,b,win
34522,b,b,b,b,b,b,b,b,b,b,b,b,x,o,b,b,b,b,b,b,b,b,b,b,o,o,b,b,b,b,x,x,b,b,b,b,x,o,b,b,b,b,win
58905,b,b,b,b,b,b,x,o,x,x,o,x,b,b,b,b,b,b,b,b,b,b,b,b,b,b,b,b,b,b,o,o,b,b,b,b,b,b,b,b,b,b,win
58080,x,o,b,b,b,b,x,b,b,b,b,b,b,b,b,b,b,b,b,b,b,b,b,b,o,o,b,b,b,b,b,b,b,b,b,b,x,x,o,b,b,b,draw
4520,o,b,b,b,b,b,x,o,b,b,b,b,b,b,b,b,b,b,x,o,b,b,b,b,b,b,b,b,b,b,b,b,b,b,b,b,o,x,x,b,b,b,loss
53838,b,b,b,b,b,b,x,x,x,o,b,b,o,o,b,b,b,b,b,b,b,b,b,b,b,b,b,b,b,b,o,x,b,b,b,b,b,b,b,b,b,b,win
17353,x,o,o,x,b,b,o,o,b,b,b,b,b,b,b,b,b,b,x,x,b,b,b,b,b,b,b,b,b,b,b,b,b,b,b,b,b,b,b,b,b,b,win
28476,o,o,x,o,b,b,b,b,b,b,b,b,x,b,b,b,b,b,o,b,b,b,b,b,b,b,b,b,b,b,x,x,b,b,b,b,b,b,b,b,b,b,win
57874,x,o,b,b,b,b,x,b,b,b,b,b,b,b,b,b,b,b,b,b,b,b,b,b,o,b,b,b,b,b,o,x,o,x,b,b,b,b,b,b,b,b,win
23265,o,x,b,b,b,b,b,b,b,b,b,b,x,x,o,b,b,b,o,b,b,b,b,b,b,b,b,b,b,b,x,o,b,b,b,b,b,b,b,b,b,b,draw
27347,x,b,b,b,b,b,o,b,b,b,b,b,x,b,b,b,b,b,o,o,b,b,b,b,b,b,b,b,b,b,x,x,o,b,b,b,b,b,b,b,b,b,loss
58324,b,b,b,b,b,b,x,o,o,o,x,b,b,b,b,b,b,b,x,x,o,b,b,b,b,b,b,b,b,b,b,b,b,b,b,b,b,b,b,b,b,b,win
7149,o,b,b,b,b,b,o,b,b,b,b,b,o,x,o,b,b,b,x,x,b,b,b,b,b,b,b,b,b,b,x,b,b,b,b,b,b,b,b,b,b,b,win
59789,x,o,x,x,o,b,x,o,b,b,b,b,b,b,b,b,b,b,b,b,b,b,b,b,b,b,b,b,b,b,o,b,b,b,b,b,b,b,b,b,b,b,win
22324,x,b,b,b,b,b,b,b,b,b,b,b,x,x,b,b,b,b,o,o,b,b,b,b,x,o,b,b,b,b,b,b,b,b,b,b,o,b,b,b,b,b,win
23074,b,b,b,b,b,b,o,b,b,b,b,b,x,x,o,x,x,b,o,b,b,b,b,b,b,b,b,b,b,b,b,b,b,b,b,b,o,b,b,b,b,b,win
5830,b,b,b,b,b,b,b,b,b,b,b,b,o,b,b,b,b,b,x,x,o,o,b,b,x,b,b,b,b,b,o,b,b,b,b,b,x,b,b,b,b,b,loss
66137,x,b,b,b,b,b,b,b,b,b,b,b,b,b,b,b,b,b,o,x,b,b,b,b,b,b,b,b,b,b,o,x,x,o,o,b,b,b,b,b,b,b,win
56952,x,o,x,b,b,b,x,b,b,b,b,b,b,b,b,b,b,b,b,b,b,b,b,b,o,x,b,b,b,b,o,o,b,b,b,b,b,b,b,b,b,b,win
12844,x,x,o,b,b,b,b,b,b,b,b,b,o,b,b,b,b,b,x,b,b,b,b,b,b,b,b,b,b,b,x,o,b,b,b,b,o,b,b,b,b,b,draw
26391,o,b,b,b,b,b,x,b,b,b,b,b,x,o,b,b,b,b,o,b,b,b,b,b,o,x,b,b,b,b,x,b,b,b,b,b,b,b,b,b,b,b,win
33367,b,b,b,b,b,b,x,o,x,b,b,b,x,o,o,x,b,b,b,b,b,b,b,b,b,b,b,b,b,b,b,b,b,b,b,b,o,b,b,b,b,b,win
8870,b,b,b,b,b,b,b,b,b,b,b,b,o,x,o,o,b,b,x,b,b,b,b,b,b,b,b,b,b,b,b,b,b,b,b,b,x,o,x,b,b,b,win
4927,x,b,b,b,b,b,b,b,b,b,b,b,o,o,x,b,b,b,x,o,b,b,b,b,b,b,b,b,b,b,b,b,b,b,b,b,x,o,b,b,b,b,win
47184,b,b,b,b,b,b,b,b,b,b,b,b,x,o,b,b,b,b,b,b,b,b,b,b,o,b,b,b,b,b,b,b,b,b,b,b,o,x,x,x,o,b,loss
32446,x,o,o,b,b,b,b,b,b,b,b,b,x,o,x,x,b,b,b,b,b,b,b,b,b,b,b,b,b,b,b,b,b,b,b,b,o,b,b,b,b,b,win
23862,x,b,b,b,b,b,o,b,b,b,b,b,x,x,b,b,b,b,o,b,b,b,b,b,x,o,b,b,b,b,b,b,b,b,b,b,o,b,b,b,b,b,win
11975,x,b,b,b,b,b,x,b,b,b,b,b,o,b,b,b,b,b,x,b,b,b,b,b,o,b,b,b,b,b,o,b,b,b,b,b,o,x,b,b,b,b,win
42116,x,o,b,b,b,b,o,o,b,b,b,b,x,b,b,b,b,b,b,b,b,b,b,b,x,x,b,b,b,b,b,b,b,b,b,b,o,b,b,b,b,b,win
64015,x,x,b,b,b,b,b,b,b,b,b,b,o,o,x,o,x,o,b,b,b,b,b,b,b,b,b,b,b,b,b,b,b,b,b,b,b,b,b,b,b,b,draw
6751,x,b,b,b,b,b,b,b,b,b,b,b,o,o,b,b,b,b,x,x,b,b,b,b,b,b,b,b,b,b,x,o,o,b,b,b,b,b,b,b,b,b,win
30697,o,b,b,b,b,b,x,b,b,b,b,b,x,o,x,o,x,b,b,b,b,b,b,b,b,b,b,b,b,b,b,b,b,b,b,b,o,b,b,b,b,b,draw
41901,o,o,x,o,b,b,o,b,b,b,b,b,x,x,b,b,b,b,b,b,b,b,b,b,x,b,b,b,b,b,b,b,b,b,b,b,b,b,b,b,b,b,win
4246,b,b,b,b,b,b,x,o,b,b,b,b,b,b,b,b,b,b,x,o,b,b,b,b,b,b,b,b,b,b,x,b,b,b,b,b,o,x,o,b,b,b,win
47351,b,b,b,b,b,b,x,b,b,b,b,b,o,b,b,b,b,b,o,x,o,x,b,b,o,b,b,b,b,b,x,b,b,b,b,b,b,b,b,b,b,b,win
18075,o,b,b,b,b,b,b,b,b,b,b,b,x,o,x,o,b,b,x,b,b,b,b,b,b,b,b,b,b,b,b,b,b,b,b,b,x,o,b,b,b,b,win
36833,x,b,b,b,b,b,b,b,b,b,b,b,x,x,o,b,b,b,b,b,b,b,b,b,o,o,b,b,b,b,x,o,b,b,b,b,b,b,b,b,b,b,draw
44413,o,x,o,o,b,b,b,b,b,b,b,b,x,x,b,b,b,b,b,b,b,b,b,b,b,b,b,b,b,b,o,x,b,b,b,b,b,b,b,b,b,b,win
44758,o,o,b,b,b,b,x,b,b,b,b,b,x,b,b,b,b,b,b,b,b,b,b,b,b,b,b,b,b,b,o,x,b,b,b,b,o,x,b,b,b,b,win
19598,o,b,b,b,b,b,x,b,b,b,b,b,x,b,b,b,b,b,o,x,o,b,b,b,b,b,b,b,b,b,x,o,b,b,b,b,b,b,b,b,b,b,draw
46087,o,b,b,b,b,b,x,x,o,o,b,b,x,x,b,b,b,b,b,b,b,b,b,b,b,b,b,b,b,b,b,b,b,b,b,b,o,b,b,b,b,b,win
5519,b,b,b,b,b,b,o,x,b,b,b,b,o,b,b,b,b,b,x,x,o,x,b,b,o,b,b,b,b,b,b,b,b,b,b,b,b,b,b,b,b,b,win
59182,o,x,b,b,b,b,x,o,x,b,b,b,b,b,b,b,b,b,b,b,b,b,b,b,b,b,b,b,b,b,b,b,b,b,b,b,o,x,o,b,b,b,win
60529,o,b,b,b,b,b,x,o,b,b,b,b,b,b,b,b,b,b,b,b,b,b,b,b,b,b,b,b,b,b,o,x,x,o,x,b,b,b,b,b,b,b,loss
64000,x,x,b,b,b,b,o,x,b,b,b,b,o,o,x,b,b,b,b,b,b,b,b,b,b,b,b,b,b,b,o,b,b,b,b,b,b,b,b,b,b,b,win
65432,x,o,x,b,b,b,o,x,x,b,b,b,o,b,b,b,b,b,b,b,b,b,b,b,b,b,b,b,b,b,b,b,b,b,b,b,o,b,b,b,b,b,win
50545,b,b,b,b,b,b,x,b,b,b,b,b,o,x,o,x,b,b,o,b,b,b,b,b,b,b,b,b,b,b,x,o,b,b,b,b,b,b,b,b,b,b,loss
52742,o,b,b,b,b,b,x,b,b,b,b,b,o,x,b,b,b,b,b,b,b,b,b,b,o,x,x,b,b,b,b,b,b,b,b,b,o,b,b,b,b,b,win
59883,b,b,b,b,b,b,x,o,o,x,x,b,b,b,b,b,b,b,b,b,b,b,b,b,o,b,b,b,b,b,b,b,b,b,b,b,x,o,b,b,b,b,draw
20656,o,b,b,b,b,b,x,b,b,b,b,b,x,b,b,b,b,b,o,x,x,o,b,b,o,b,b,b,b,b,b,b,b,b,b,b,b,b,b,b,b,b,win
40814,b,b,b,b,b,b,o,o,b,b,b,b,x,b,b,b,b,b,b,b,b,b,b,b,o,b,b,b,b,b,o,x,x,b,b,b,x,b,b,b,b,b,win
42786,o,o,b,b,b,b,o,x,x,b,b,b,x,b,b,b,b,b,b,b,b,b,b,b,b,b,b,b,b,b,o,x,b,b,b,b,b,b,b,b,b,b,win
17087,b,b,b,b,b,b,o,o,x,b,b,b,b,b,b,b,b,b,x,b,b,b,b,b,o,b,b,b,b,b,x,b,b,b,b,b,o,x,b,b,b,b,win
264,b,b,b,b,b,b,x,x,o,b,b,b,o,b,b,b,b,b,x,o,x,o,b,b,b,b,b,b,b,b,b,b,b,b,b,b,b,b,b,b,b,b,loss
44590,b,b,b,b,b,b,x,o,b,b,b,b,x,b,b,b,b,b,b,b,b,b,b,b,b,b,b,b,b,b,o,x,b,b,b,b,o,x,o,b,b,b,win
57258,b,b,b,b,b,b,x,x,x,o,b,b,b,b,b,b,b,b,b,b,b,b,b,b,o,o,b,b,b,b,o,b,b,b,b,b,x,b,b,b,b,b,loss
27023,o,x,x,b,b,b,x,b,b,b,b,b,x,o,b,b,b,b,o,b,b,b,b,b,b,b,b,b,b,b,o,b,b,b,b,b,b,b,b,b,b,b,loss
48946,o,o,b,b,b,b,x,x,o,b,b,b,b,b,b,b,b,b,o,x,b,b,b,b,b,b,b,b,b,b,x,b,b,b,b,b,b,b,b,b,b,b,win
10044,o,b,b,b,b,b,x,o,b,b,b,b,o,x,b,b,b,b,x,b,b,b,b,b,b,b,b,b,b,b,b,b,b,b,b,b,x,o,b,b,b,b,win
46615,o,o,b,b,b,b,b,b,b,b,b,b,x,b,b,b,b,b,b,b,b,b,b,b,x,b,b,b,b,b,b,b,b,b,b,b,x,x,o,o,b,b,win
41157,b,b,b,b,b,b,o,x,b,b,b,b,x,x,o,o,b,b,b,b,b,b,b,b,b,b,b,b,b,b,x,o,b,b,b,b,b,b,b,b,b,b,win
13108,x,b,b,b,b,b,b,b,b,b,b,b,o,o,x,x,o,b,x,b,b,b,b,b,b,b,b,b,b,b,o,b,b,b,b,b,b,b,b,b,b,b,win
55520,x,o,b,b,b,b,x,b,b,b,b,b,o,o,b,b,b,b,b,b,b,b,b,b,o,b,b,b,b,b,b,b,b,b,b,b,x,x,b,b,b,b,loss
54038,b,b,b,b,b,b,x,x,o,o,b,b,o,b,b,b,b,b,b,b,b,b,b,b,o,x,b,b,b,b,b,b,b,b,b,b,x,b,b,b,b,b,loss
593,x,b,b,b,b,b,b,b,b,b,b,b,o,b,b,b,b,b,x,o,x,x,b,b,b,b,b,b,b,b,o,o,b,b,b,b,b,b,b,b,b,b,win
34027,o,b,b,b,b,b,x,o,x,b,b,b,x,o,b,b,b,b,b,b,b,b,b,b,b,b,b,b,b,b,b,b,b,b,b,b,o,x,b,b,b,b,loss
63968,x,o,b,b,b,b,b,b,b,b,b,b,o,x,b,b,b,b,b,b,b,b,b,b,b,b,b,b,b,b,b,b,b,b,b,b,x,o,x,o,b,b,win
42950,o,b,b,b,b,b,o,x,b,b,b,b,x,b,b,b,b,b,b,b,b,b,b,b,b,b,b,b,b,b,x,o,x,o,b,b,b,b,b,b,b,b,win
49567,o,b,b,b,b,b,x,x,b,b,b,b,o,x,o,x,b,b,o,b,b,b,b,b,b,b,b,b,b,b,b,b,b,b,b,b,b,b,b,b,b,b,win
8487,x,b,b,b,b,b,b,b,b,b,b,b,o,x,o,b,b,b,x,b,b,b,b,b,x,o,b,b,b,b,b,b,b,b,b,b,o,b,b,b,b,b,loss
24236,o,x,b,b,b,b,x,o,o,b,b,b,x,x,b,b,b,b,o,b,b,b,b,b,b,b,b,b,b,b,b,b,b,b,b,b,b,b,b,b,b,b,win
14321,x,b,b,b,b,b,o,x,b,b,b,b,b,b,b,b,b,b,x,x,o,b,b,b,b,b,b,b,b,b,b,b,b,b,b,b,o,o,b,b,b,b,win
21725,o,b,b,b,b,b,b,b,b,b,b,b,x,x,o,o,b,b,o,x,b,b,b,b,b,b,b,b,b,b,b,b,b,b,b,b,x,b,b,b,b,b,draw
61103,o,o,x,x,b,b,x,x,b,b,b,b,b,b,b,b,b,b,o,b,b,b,b,b,b,b,b,b,b,b,o,b,b,b,b,b,b,b,b,b,b,b,win
32686,x,o,b,b,b,b,b,b,b,b,b,b,x,o,o,b,b,b,b,b,b,b,b,b,x,x,b,b,b,b,o,b,b,b,b,b,b,b,b,b,b,b,draw
5809,o,b,b,b,b,b,b,b,b,b,b,b,o,b,b,b,b,b,x,x,o,o,x,b,x,b,b,b,b,b,b,b,b,b,b,b,b,b,b,b,b,b,loss
27312,x,b,b,b,b,b,o,o,b,b,b,b,x,b,b,b,b,b,o,o,x,b,b,b,b,b,b,b,b,b,x,b,b,b,b,b,b,b,b,b,b,b,draw
46553,o,o,x,x,b,b,o,b,b,b,b,b,x,b,b,b,b,b,b,b,b,b,b,b,o,b,b,b,b,b,b,b,b,b,b,b,x,b,b,b,b,b,win
25615,b,b,b,b,b,b,x,x,b,b,b,b,x,o,o,b,b,b,o,o,b,b,b,b,b,b,b,b,b,b,x,b,b,b,b,b,b,b,b,b,b,b,loss
9484,b,b,b,b,b,b,o,x,o,x,b,b,o,x,b,b,b,b,x,o,b,b,b,b,b,b,b,b,b,b,b,b,b,b,b,b,b,b,b,b,b,b,win
34251,b,b,b,b,b,b,b,b,b,b,b,b,x,o,o,x,b,b,o,b,b,b,b,b,b,b,b,b,b,b,x,b,b,b,b,b,o,x,b,b,b,b,loss
48019,b,b,b,b,b,b,x,o,b,b,b,b,o,x,b,b,b,b,o,x,x,b,b,b,b,b,b,b,b,b,b,b,b,b,b,b,o,b,b,b,b,b,win
64660,x,x,x,o,b,b,b,b,b,b,b,b,o,b,b,b,b,b,b,b,b,b,b,b,b,b,b,b,b,b,o,b,b,b,b,b,o,x,b,b,b,b,draw
56371,b,b,b,b,b,b,x,o,b,b,b,b,o,b,b,b,b,b,b,b,b,b,b,b,o,x,o,x,x,b,b,b,b,b,b,b,b,b,b,b,b,b,win
24456,o,o,x,b,b,b,o,b,b,b,b,b,x,x,b,b,b,b,o,b,b,b,b,b,b,b,b,b,b,b,b,b,b,b,b,b,x,b,b,b,b,b,win
3429,o,x,b,b,b,b,x,b,b,b,b,b,o,b,b,b,b,b,x,o,o,b,b,b,b,b,b,b,b,b,x,b,b,b,b,b,b,b,b,b,b,b,loss
36226,b,b,b,b,b,b,o,b,b,b,b,b,x,o,b,b,b,b,b,b,b,b,b,b,b,b,b,b,b,b,o,o,x,b,b,b,x,x,b,b,b,b,loss
40923,o,b,b,b,b,b,b,b,b,b,b,b,x,b,b,b,b,b,b,b,b,b,b,b,o,b,b,b,b,b,b,b,b,b,b,b,x,x,o,x,o,b,win
54290,b,b,b,b,b,b,x,x,o,o,x,b,o,b,b,b,b,b,x,b,b,b,b,b,b,b,b,b,b,b,b,b,b,b,b,b,o,b,b,b,b,b,win
37172,o,b,b,b,b,b,b,b,b,b,b,b,x,x,b,b,b,b,b,b,b,b,b,b,o,o,b,b,b,b,x,x,o,b,b,b,b,b,b,b,b,b,win
66512,x,o,o,x,o,x,b,b,b,b,b,b,b,b,b,b,b,b,x,b,b,b,b,b,b,b,b,b,b,b,b,b,b,b,b,b,o,b,b,b,b,b,win
24557,b,b,b,b,b,b,x,o,b,b,b,b,x,b,b,b,b,b,o,o,o,x,b,b,x,b,b,b,b,b,b,b,b,b,b,b,b,b,b,b,b,b,loss
65028,x,o,x,x,b,b,b,b,b,b,b,b,o,b,b,b,b,b,b,b,b,b,b,b,o,x,b,b,b,b,b,b,b,b,b,b,o,b,b,b,b,b,win
31675,b,b,b,b,b,b,o,b,b,b,b,b,x,o,x,b,b,b,b,b,b,b,b,b,b,b,b,b,b,b,x,x,b,b,b,b,o,o,b,b,b,b,win
56108,o,b,b,b,b,b,x,b,b,b,b,b,o,b,b,b,b,b,b,b,b,b,b,b,o,b,b,b,b,b,b,b,b,b,b,b,x,x,x,o,b,b,win
35486,x,o,b,b,b,b,b,b,b,b,b,b,x,o,b,b,b,b,b,b,b,b,b,b,o,x,b,b,b,b,o,b,b,b,b,b,x,b,b,b,b,b,win
29749,b,b,b,b,b,b,b,b,b,b,b,b,x,o,x,b,b,b,o,b,b,b,b,b,o,x,b,b,b,b,b,b,b,b,b,b,x,o,b,b,b,b,win
43681,x,o,x,o,o,b,o,b,b,b,b,b,x,b,b,b,b,b,b,b,b,b,b,b,x,b,b,b,b,b,b,b,b,b,b,b,b,b,b,b,b,b,win
2849,b,b,b,b,b,b,o,x,b,b,b,b,x,b,b,b,b,b,x,o,b,b,b,b,o,b,b,b,b,b,b,b,b,b,b,b,o,x,b,b,b,b,win
56937,b,b,b,b,b,b,x,b,b,b,b,b,b,b,b,b,b,b,b,b,b,b,b,b,o,x,b,b,b,b,o,x,o,o,b,b,x,b,b,b,b,b,loss
24954,b,b,b,b,b,b,x,b,b,b,b,b,x,o,b,b,b,b,o,b,b,b,b,b,x,o,b,b,b,b,o,x,b,b,b,b,b,b,b,b,b,b,loss
49541,x,b,b,b,b,b,x,x,o,x,b,b,o,b,b,b,b,b,o,o,b,b,b,b,b,b,b,b,b,b,b,b,b,b,b,b,b,b,b,b,b,b,loss
39270,x,b,b,b,b,b,x,b,b,b,b,b,x,b,b,b,b,b,o,b,b,b,b,b,o,o,o,x,b,b,b,b,b,b,b,b,b,b,b,b,b,b,win
28978,x,x,b,b,b,b,b,b,b,b,b,b,x,o,b,b,b,b,o,b,b,b,b,b,b,b,b,b,b,b,o,o,b,b,b,b,x,b,b,b,b,b,loss
23076,b,b,b,b,b,b,o,x,b,b,b,b,x,x,o,b,b,b,o,b,b,b,b,b,x,b,b,b,b,b,b,b,b,b,b,b,o,b,b,b,b,b,win
10073,o,x,b,b,b,b,b,b,b,b,b,b,o,x,b,b,b,b,x,b,b,b,b,b,b,b,b,b,b,b,x,o,b,b,b,b,o,b,b,b,b,b,win
54128,b,b,b,b,b,b,x,x,b,b,b,b,o,o,b,b,b,b,b,b,b,b,b,b,o,o,x,b,b,b,x,b,b,b,b,b,b,b,b,b,b,b,loss
58008,b,b,b,b,b,b,x,o,b,b,b,b,o,b,b,b,b,b,b,b,b,b,b,b,o,o,x,x,b,b,b,b,b,b,b,b,x,b,b,b,b,b,win
66594,x,o,o,b,b,b,b,b,b,b,b,b,b,b,b,b,b,b,b,b,b,b,b,b,x,x,o,o,b,b,b,b,b,b,b,b,x,b,b,b,b,b,loss
40205,o,x,x,b,b,b,b,b,b,b,b,b,x,b,b,b,b,b,b,b,b,b,b,b,o,b,b,b,b,b,x,o,b,b,b,b,o,b,b,b,b,b,win
62511,x,x,o,b,b,b,o,o,b,b,b,b,b,b,b,b,b,b,o,x,b,b,b,b,b,b,b,b,b,b,b,b,b,b,b,b,x,b,b,b,b,b,loss
43951,x,b,b,b,b,b,o,b,b,b,b,b,x,b,b,b,b,b,b,b,b,b,b,b,b,b,b,b,b,b,o,x,b,b,b,b,o,x,o,b,b,b,win
54047,o,b,b,b,b,b,x,x,b,b,b,b,o,b,b,b,b,b,b,b,b,b,b,b,o,x,x,o,b,b,b,b,b,b,b,b,b,b,b,b,b,b,win
58322,b,b,b,b,b,b,x,o,o,x,x,b,b,b,b,b,b,b,x,o,b,b,b,b,o,b,b,b,b,b,b,b,b,b,b,b,b,b,b,b,b,b,loss
4754,x,b,b,b,b,b,b,b,b,b,b,b,o,x,o,x,o,b,x,o,b,b,b,b,b,b,b,b,b,b,b,b,b,b,b,b,b,b,b,b,b,b,draw
4026,o,b,b,b,b,b,x,b,b,b,b,b,b,b,b,b,b,b,x,o,b,b,b,b,o,x,x,b,b,b,b,b,b,b,b,b,o,b,b,b,b,b,win
6327,b,b,b,b,b,b,b,b,b,b,b,b,o,o,x,b,b,b,x,x,x,o,b,b,b,b,b,b,b,b,b,b,b,b,b,b,o,b,b,b,b,b,win
35728,x,x,o,o,b,b,b,b,b,b,b,b,x,o,b,b,b,b,b,b,b,b,b,b,b,b,b,b,b,b,o,x,b,b,b,b,b,b,b,b,b,b,loss
14441,b,b,b,b,b,b,o,o,x,b,b,b,b,b,b,b,b,b,x,x,x,o,b,b,b,b,b,b,b,b,b,b,b,b,b,b,o,b,b,b,b,b,win
66773,x,o,o,x,o,o,b,b,b,b,b,b,b,b,b,b,b,b,b,b,b,b,b,b,b,b,b,b,b,b,x,b,b,b,b,b,x,b,b,b,b,b,win
37696,o,x,b,b,b,b,x,b,b,b,b,b,x,x,b,b,b,b,b,b,b,b,b,b,o,b,b,b,b,b,o,o,b,b,b,b,b,b,b,b,b,b,win
66153,x,b,b,b,b,b,b,b,b,b,b,b,b,b,b,b,b,b,b,b,b,b,b,b,o,x,b,b,b,b,o,x,x,o,o,b,b,b,b,b,b,b,win
55707,x,x,o,b,b,b,x,o,x,o,b,b,o,b,b,b,b,b,b,b,b,b,b,b,b,b,b,b,b,b,b,b,b,b,b,b,b,b,b,b,b,b,loss
58207,o,b,b,b,b,b,x,o,b,b,b,b,b,b,b,b,b,b,b,b,b,b,b,b,o,b,b,b,b,b,b,b,b,b,b,b,x,x,x,o,b,b,loss
56187,o,x,o,b,b,b,x,b,b,b,b,b,o,b,b,b,b,b,b,b,b,b,b,b,b,b,b,b,b,b,o,b,b,b,b,b,x,x,b,b,b,b,win
4959,x,x,b,b,b,b,b,b,b,b,b,b,o,b,b,b,b,b,x,o,b,b,b,b,b,b,b,b,b,b,b,b,b,b,b,b,x,o,o,b,b,b,win
59687,x,x,o,b,b,b,x,o,b,b,b,b,b,b,b,b,b,b,b,b,b,b,b,b,b,b,b,b,b,b,o,x,b,b,b,b,o,b,b,b,b,b,draw
37176,b,b,b,b,b,b,b,b,b,b,b,b,x,x,o,b,b,b,b,b,b,b,b,b,o,o,x,o,x,b,b,b,b,b,b,b,b,b,b,b,b,b,loss
18471,o,o,x,x,o,b,x,b,b,b,b,b,b,b,b,b,b,b,x,b,b,b,b,b,b,b,b,b,b,b,b,b,b,b,b,b,o,b,b,b,b,b,win
31934,o,b,b,b,b,b,o,o,b,b,b,b,x,o,x,b,b,b,b,b,b,b,b,b,b,b,b,b,b,b,x,b,b,b,b,b,x,b,b,b,b,b,win
24485,x,o,o,b,b,b,b,b,b,b,b,b,x,x,b,b,b,b,o,b,b,b,b,b,b,b,b,b,b,b,x,b,b,b,b,b,o,b,b,b,b,b,win
23692,b,b,b,b,b,b,b,b,b,b,b,b,x,x,b,b,b,b,o,b,b,b,b,b,o,x,b,b,b,b,b,b,b,b,b,b,x,o,o,b,b,b,win
26236,b,b,b,b,b,b,x,b,b,b,b,b,x,o,b,b,b,b,o,b,b,b,b,b,o,x,b,b,b,b,x,o,b,b,b,b,b,b,b,b,b,b,win
52415,o,b,b,b,b,b,x,b,b,b,b,b,o,x,o,x,b,b,b,b,b,b,b,b,b,b,b,b,b,b,o,b,b,b,b,b,x,b,b,b,b,b,draw
54311,b,b,b,b,b,b,x,x,o,o,b,b,o,b,b,b,b,b,b,b,b,b,b,b,b,b,b,b,b,b,x,x,o,b,b,b,b,b,b,b,b,b,loss
52941,x,o,x,b,b,b,x,b,b,b,b,b,o,x,b,b,b,b,b,b,b,b,b,b,o,o,b,b,b,b,b,b,b,b,b,b,b,b,b,b,b,b,win
34795,b,b,b,b,b,b,o,o,b,b,b,b,x,o,b,b,b,b,b,b,b,b,b,b,b,b,b,b,b,b,x,o,b,b,b,b,x,x,b,b,b,b,loss
35158,x,b,b,b,b,b,b,b,b,b,b,b,x,o,o,b,b,b,b,b,b,b,b,b,b,b,b,b,b,b,x,b,b,b,b,b,o,o,x,b,b,b,win
40216,o,o,b,b,b,b,b,b,b,b,b,b,x,b,b,b,b,b,b,b,b,b,b,b,o,b,b,b,b,b,x,x,x,o,b,b,b,b,b,b,b,b,win
45464,o,b,b,b,b,b,x,b,b,b,b,b,x,x,o,o,b,b,b,b,b,b,b,b,b,b,b,b,b,b,x,o,b,b,b,b,b,b,b,b,b,b,loss
43281,o,x,b,b,b,b,o,o,x,b,b,b,x,b,b,b,b,b,b,b,b,b,b,b,o,b,b,b,b,b,x,b,b,b,b,b,b,b,b,b,b,b,win
58766,b,b,b,b,b,b,x,o,b,b,b,b,b,b,b,b,b,b,b,b,b,b,b,b,o,b,b,b,b,b,o,b,b,b,b,b,x,x,o,x,b,b,loss
57182,b,b,b,b,b,b,x,b,b,b,b,b,b,b,b,b,b,b,b,b,b,b,b,b,o,x,x,o,b,b,b,b,b,b,b,b,o,x,o,b,b,b,win
52190,o,o,x,b,b,b,x,b,b,b,b,b,b,b,b,b,b,b,o,b,b,b,b,b,o,b,b,b,b,b,b,b,b,b,b,b,x,x,b,b,b,b,draw
43476,b,b,b,b,b,b,o,b,b,b,b,b,x,b,b,b,b,b,b,b,b,b,b,b,b,b,b,b,b,b,x,o,b,b,b,b,o,x,x,o,b,b,win
14722,x,o,b,b,b,b,o,o,o,x,b,b,b,b,b,b,b,b,x,x,b,b,b,b,b,b,b,b,b,b,b,b,b,b,b,b,b,b,b,b,b,b,win
67094,x,x,o,b,b,b,b,b,b,b,b,b,b,b,b,b,b,b,b,b,b,b,b,b,b,b,b,b,b,b,o,x,b,b,b,b,o,o,x,b,b,b,win
10304,b,b,b,b,b,b,b,b,b,b,b,b,o,o,x,x,b,b,x,o,b,b,b,b,x,b,b,b,b,b,o,b,b,b,b,b,b,b,b,b,b,b,loss
49091,b,b,b,b,b,b,x,b,b,b,b,b,o,b,b,b,b,b,o,x,o,b,b,b,b,b,b,b,b,b,b,b,b,b,b,b,o,x,x,b,b,b,draw
35902,o,b,b,b,b,b,b,b,b,b,b,b,x,o,o,x,b,b,b,b,b,b,b,b,o,x,b,b,b,b,b,b,b,b,b,b,x,b,b,b,b,b,win
39868,b,b,b,b,b,b,b,b,b,b,b,b,x,b,b,b,b,b,b,b,b,b,b,b,o,o,x,o,b,b,x,b,b,b,b,b,o,x,b,b,b,b,draw
32993,x,b,b,b,b,b,o,b,b,b,b,b,x,o,b,b,b,b,b,b,b,b,b,b,x,x,b,b,b,b,b,b,b,b,b,b,o,o,b,b,b,b,win
29647,b,b,b,b,b,b,b,b,b,b,b,b,x,o,x,x,b,b,o,o,b,b,b,b,b,b,b,b,b,b,b,b,b,b,b,b,x,o,b,b,b,b,loss
47660,x,b,b,b,b,b,x,o,x,b,b,b,b,b,b,b,b,b,o,x,o,o,b,b,b,b,b,b,b,b,b,b,b,b,b,b,b,b,b,b,b,b,loss
10078,o,o,x,b,b,b,b,b,b,b,b,b,o,x,b,b,b,b,x,b,b,b,b,b,o,b,b,b,b,b,x,b,b,b,b,b,b,b,b,b,b,b,win
14720,b,b,b,b,b,b,o,o,x,o,b,b,b,b,b,b,b,b,x,x,b,b,b,b,b,b,b,b,b,b,b,b,b,b,b,b,o,x,b,b,b,b,win
8066,x,o,b,b,b,b,b,b,b,b,b,b,o,b,b,b,b,b,x,x,x,o,b,b,b,b,b,b,b,b,b,b,b,b,b,b,o,b,b,b,b,b,win
46667,x,o,b,b,b,b,b,b,b,b,b,b,x,x,o,o,b,b,b,b,b,b,b,b,x,b,b,b,b,b,b,b,b,b,b,b,o,b,b,b,b,b,win
46898,b,b,b,b,b,b,x,b,b,b,b,b,x,o,o,b,b,b,b,b,b,b,b,b,b,b,b,b,b,b,b,b,b,b,b,b,o,o,x,x,b,b,win
36558,b,b,b,b,b,b,o,x,o,b,b,b,x,x,o,b,b,b,b,b,b,b,b,b,o,x,b,b,b,b,b,b,b,b,b,b,b,b,b,b,b,b,win
56729,x,b,b,b,b,b,x,b,b,b,b,b,o,b,b,b,b,b,b,b,b,b,b,b,b,b,b,b,b,b,o,x,o,b,b,b,o,x,b,b,b,b,loss
19764,b,b,b,b,b,b,o,b,b,b,b,b,x,b,b,b,b,b,o,x,o,b,b,b,b,b,b,b,b,b,o,x,b,b,b,b,x,b,b,b,b,b,win
63839,x,o,x,o,b,b,b,b,b,b,b,b,o,x,x,o,b,b,b,b,b,b,b,b,b,b,b,b,b,b,b,b,b,b,b,b,b,b,b,b,b,b,win
53380,x,o,x,b,b,b,x,b,b,b,b,b,o,x,o,b,b,b,b,b,b,b,b,b,b,b,b,b,b,b,b,b,b,b,b,b,o,b,b,b,b,b,draw
3359,b,b,b,b,b,b,x,x,b,b,b,b,b,b,b,b,b,b,x,o,o,b,b,b,o,b,b,b,b,b,b,b,b,b,b,b,x,o,b,b,b,b,loss
66143,x,b,b,b,b,b,o,b,b,b,b,b,b,b,b,b,b,b,o,b,b,b,b,b,b,b,b,b,b,b,o,x,x,x,o,b,b,b,b,b,b,b,win
22858,b,b,b,b,b,b,b,b,b,b,b,b,x,x,o,x,b,b,o,b,b,b,b,b,o,b,b,b,b,b,x,b,b,b,b,b,o,b,b,b,b,b,win
17802,o,o,x,o,b,b,b,b,b,b,b,b,x,o,b,b,b,b,x,x,b,b,b,b,b,b,b,b,b,b,b,b,b,b,b,b,b,b,b,b,b,b,win
64950,x,b,b,b,b,b,o,x,x,b,b,b,b,b,b,b,b,b,b,b,b,b,b,b,o,x,b,b,b,b,o,o,b,b,b,b,b,b,b,b,b,b,win
56139,o,b,b,b,b,b,x,o,b,b,b,b,o,b,b,b,b,b,b,b,b,b,b,b,b,b,b,b,b,b,o,x,x,b,b,b,x,b,b,b,b,b,loss
12952,x,b,b,b,b,b,b,b,b,b,b,b,o,x,o,b,b,b,x,b,b,b,b,b,x,b,b,b,b,b,o,o,b,b,b,b,b,b,b,b,b,b,loss
66725,x,o,o,o,x,o,x,b,b,b,b,b,b,b,b,b,b,b,b,b,b,b,b,b,b,b,b,b,b,b,b,b,b,b,b,b,x,b,b,b,b,b,win
47131,x,b,b,b,b,b,b,b,b,b,b,b,x,o,b,b,b,b,b,b,b,b,b,b,b,b,b,b,b,b,b,b,b,b,b,b,o,o,x,x,o,b,win
59930,o,x,o,b,b,b,x,o,b,b,b,b,b,b,b,b,b,b,b,b,b,b,b,b,b,b,b,b,b,b,b,b,b,b,b,b,x,x,o,b,b,b,win
27207,b,b,b,b,b,b,o,x,b,b,b,b,x,b,b,b,b,b,o,o,x,b,b,b,o,b,b,b,b,b,x,b,b,b,b,b,b,b,b,b,b,b,win
49611,o,x,b,b,b,b,x,x,b,b,b,b,o,x,b,b,b,b,o,o,b,b,b,b,b,b,b,b,b,b,b,b,b,b,b,b,b,b,b,b,b,b,loss
38246,o,b,b,b,b,b,x,b,b,b,b,b,x,b,b,b,b,b,b,b,b,b,b,b,o,x,o,x,b,b,b,b,b,b,b,b,o,b,b,b,b,b,win
8773,x,x,o,b,b,b,b,b,b,b,b,b,o,x,o,b,b,b,x,b,b,b,b,b,o,b,b,b,b,b,b,b,b,b,b,b,b,b,b,b,b,b,win
30393,x,b,b,b,b,b,b,b,b,b,b,b,x,o,x,o,x,b,b,b,b,b,b,b,o,o,b,b,b,b,b,b,b,b,b,b,b,b,b,b,b,b,loss
9020,b,b,b,b,b,b,o,b,b,b,b,b,o,x,b,b,b,b,x,b,b,b,b,b,o,x,b,b,b,b,x,b,b,b,b,b,o,b,b,b,b,b,win
15971,b,b,b,b,b,b,o,o,x,b,b,b,b,b,b,b,b,b,x,o,b,b,b,b,x,o,x,b,b,b,b,b,b,b,b,b,b,b,b,b,b,b,win
42182,b,b,b,b,b,b,o,o,x,b,b,b,x,x,o,b,b,b,b,b,b,b,b,b,b,b,b,b,b,b,b,b,b,b,b,b,o,x,b,b,b,b,draw
29289,x,b,b,b,b,b,b,b,b,b,b,b,x,b,b,b,b,b,o,b,b,b,b,b,o,x,b,b,b,b,o,b,b,b,b,b,x,o,b,b,b,b,win
32614,o,o,b,b,b,b,b,b,b,b,b,b,x,o,o,x,b,b,b,b,b,b,b,b,x,x,b,b,b,b,b,b,b,b,b,b,b,b,b,b,b,b,win
12575,x,b,b,b,b,b,o,b,b,b,b,b,o,o,x,b,b,b,x,b,b,b,b,b,b,b,b,b,b,b,x,o,b,b,b,b,b,b,b,b,b,b,win
27788,x,b,b,b,b,b,o,x,b,b,b,b,x,o,b,b,b,b,o,b,b,b,b,b,b,b,b,b,b,b,x,b,b,b,b,b,o,b,b,b,b,b,win
34474,x,b,b,b,b,b,b,b,b,b,b,b,x,o,b,b,b,b,b,b,b,b,b,b,o,x,b,b,b,b,x,o,b,b,b,b,o,b,b,b,b,b,win
51705,b,b,b,b,b,b,x,b,b,b,b,b,b,b,b,b,b,b,o,o,o,x,b,b,o,b,b,b,b,b,b,b,b,b,b,b,x,x,b,b,b,b,loss
42402,b,b,b,b,b,b,o,x,o,x,b,b,x,b,b,b,b,b,b,b,b,b,b,b,x,b,b,b,b,b,o,b,b,b,b,b,o,b,b,b,b,b,win
19821,b,b,b,b,b,b,b,b,b,b,b,b,x,o,b,b,b,b,o,x,x,o,b,b,b,b,b,b,b,b,x,o,b,b,b,b,b,b,b,b,b,b,win
1848,x,b,b,b,b,b,o,b,b,b,b,b,x,b,b,b,b,b,x,o,o,x,b,b,o,b,b,b,b,b,b,b,b,b,b,b,b,b,b,b,b,b,loss
37038,b,b,b,b,b,b,b,b,b,b,b,b,x,x,x,o,b,b,b,b,b,b,b,b,o,o,b,b,b,b,b,b,b,b,b,b,x,o,b,b,b,b,win
51563,x,x,x,o,b,b,x,b,b,b,b,b,b,b,b,b,b,b,o,b,b,b,b,b,b,b,b,b,b,b,b,b,b,b,b,b,o,o,b,b,b,b,loss
1296,b,b,b,b,b,b,o,x,b,b,b,b,x,o,o,b,b,b,x,o,x,b,b,b,b,b,b,b,b,b,b,b,b,b,b,b,b,b,b,b,b,b,win
24425,x,o,b,b,b,b,b,b,b,b,b,b,x,x,b,b,b,b,o,b,b,b,b,b,x,b,b,b,b,b,b,b,b,b,b,b,o,o,b,b,b,b,win
7333,b,b,b,b,b,b,o,x,o,x,b,b,o,o,b,b,b,b,x,x,b,b,b,b,b,b,b,b,b,b,b,b,b,b,b,b,b,b,b,b,b,b,win
50289,b,b,b,b,b,b,x,x,x,o,x,o,b,b,b,b,b,b,o,b,b,b,b,b,b,b,b,b,b,b,b,b,b,b,b,b,o,b,b,b,b,b,win
26649,b,b,b,b,b,b,x,o,x,x,b,b,x,b,b,b,b,b,o,o,b,b,b,b,b,b,b,b,b,b,o,b,b,b,b,b,b,b,b,b,b,b,loss
61544,o,o,x,x,b,b,x,b,b,b,b,b,b,b,b,b,b,b,b,b,b,b,b,b,b,b,b,b,b,b,o,b,b,b,b,b,x,o,b,b,b,b,win
37289,b,b,b,b,b,b,o,b,b,b,b,b,x,x,x,o,b,b,b,b,b,b,b,b,o,b,b,b,b,b,o,b,b,b,b,b,x,b,b,b,b,b,win
21575,b,b,b,b,b,b,b,b,b,b,b,b,x,x,b,b,b,b,o,x,o,b,b,b,b,b,b,b,b,b,o,o,x,b,b,b,b,b,b,b,b,b,win
23282,x,b,b,b,b,b,b,b,b,b,b,b,x,x,o,o,x,b,o,o,b,b,b,b,b,b,b,b,b,b,b,b,b,b,b,b,b,b,b,b,b,b,loss
26217,b,b,b,b,b,b,x,x,o,b,b,b,x,o,b,b,b,b,o,b,b,b,b,b,o,b,b,b,b,b,x,b,b,b,b,b,b,b,b,b,b,b,loss
24381,b,b,b,b,b,b,b,b,b,b,b,b,x,x,b,b,b,b,o,b,b,b,b,b,x,o,x,o,b,b,b,b,b,b,b,b,o,b,b,b,b,b,win
4277,b,b,b,b,b,b,x,x,o,o,b,b,b,b,b,b,b,b,x,o,x,b,b,b,b,b,b,b,b,b,o,b,b,b,b,b,b,b,b,b,b,b,win
29030,x,b,b,b,b,b,o,x,b,b,b,b,x,o,b,b,b,b,o,b,b,b,b,b,b,b,b,b,b,b,b,b,b,b,b,b,x,o,b,b,b,b,win
56796,o,b,b,b,b,b,x,o,x,x,o,b,b,b,b,b,b,b,b,b,b,b,b,b,o,x,b,b,b,b,b,b,b,b,b,b,b,b,b,b,b,b,win
38946,o,o,x,b,b,b,b,b,b,b,b,b,x,b,b,b,b,b,b,b,b,b,b,b,o,x,b,b,b,b,x,b,b,b,b,b,o,b,b,b,b,b,win
58126,b,b,b,b,b,b,x,o,x,x,o,b,b,b,b,b,b,b,b,b,b,b,b,b,o,o,b,b,b,b,b,b,b,b,b,b,x,b,b,b,b,b,loss
15241,o,b,b,b,b,b,o,b,b,b,b,b,x,o,x,x,b,b,x,b,b,b,b,b,b,b,b,b,b,b,o,b,b,b,b,b,b,b,b,b,b,b,win
42617,o,b,b,b,b,b,o,x,o,x,o,b,x,b,b,b,b,b,b,b,b,b,b,b,b,b,b,b,b,b,x,b,b,b,b,b,b,b,b,b,b,b,win
42537,b,b,b,b,b,b,o,x,x,o,o,b,x,b,b,b,b,b,b,b,b,b,b,b,o,b,b,b,b,b,x,b,b,b,b,b,b,b,b,b,b,b,win
51150,x,b,b,b,b,b,x,b,b,b,b,b,b,b,b,b,b,b,o,o,b,b,b,b,b,b,b,b,b,b,b,b,b,b,b,b,x,o,x,o,b,b,loss
40006,x,o,x,b,b,b,o,b,b,b,b,b,x,b,b,b,b,b,b,b,b,b,b,b,o,b,b,b,b,b,x,b,b,b,b,b,o,b,b,b,b,b,win
17189,x,b,b,b,b,b,o,b,b,b,b,b,b,b,b,b,b,b,x,b,b,b,b,b,b,b,b,b,b,b,x,o,b,b,b,b,o,x,o,b,b,b,win
19838,b,b,b,b,b,b,o,b,b,b,b,b,x,o,b,b,b,b,o,x,x,o,b,b,b,b,b,b,b,b,x,b,b,b,b,b,b,b,b,b,b,b,win
45522,o,b,b,b,b,b,b,b,b,b,b,b,x,x,o,b,b,b,b,b,b,b,b,b,b,b,b,b,b,b,x,x,o,b,b,b,o,b,b,b,b,b,win
44037,o,x,b,b,b,b,o,o,b,b,b,b,x,b,b,b,b,b,b,b,b,b,b,b,b,b,b,b,b,b,b,b,b,b,b,b,x,x,o,b,b,b,loss
66545,x,o,o,x,x,b,o,b,b,b,b,b,o,b,b,b,b,b,x,b,b,b,b,b,b,b,b,b,b,b,b,b,b,b,b,b,b,b,b,b,b,b,win
38110,b,b,b,b,b,b,b,b,b,b,b,b,x,x,o,b,b,b,b,b,b,b,b,b,o,x,o,o,x,b,b,b,b,b,b,b,b,b,b,b,b,b,loss
26541,b,b,b,b,b,b,x,x,b,b,b,b,x,b,b,b,b,b,o,b,b,b,b,b,o,b,b,b,b,b,x,b,b,b,b,b,o,o,b,b,b,b,win
15168,b,b,b,b,b,b,o,x,b,b,b,b,b,b,b,b,b,b,x,x,b,b,b,b,b,b,b,b,b,b,b,b,b,b,b,b,o,x,o,o,b,b,win
40509,x,b,b,b,b,b,o,x,o,b,b,b,x,b,b,b,b,b,b,b,b,b,b,b,o,b,b,b,b,b,o,x,b,b,b,b,b,b,b,b,b,b,win
51129,x,x,b,b,b,b,x,b,b,b,b,b,b,b,b,b,b,b,o,o,b,b,b,b,b,b,b,b,b,b,b,b,b,b,b,b,x,o,o,b,b,b,loss
61409,o,x,o,o,x,b,x,b,b,b,b,b,o,b,b,b,b,b,b,b,b,b,b,b,b,b,b,b,b,b,x,b,b,b,b,b,b,b,b,b,b,b,win
38196,b,b,b,b,b,b,x,x,b,b,b,b,x,b,b,b,b,b,b,b,b,b,b,b,o,x,o,o,b,b,b,b,b,b,b,b,o,b,b,b,b,b,win
42022,o,x,x,o,b,b,o,b,b,b,b,b,x,x,b,b,b,b,b,b,b,b,b,b,b,b,b,b,b,b,b,b,b,b,b,b,o,b,b,b,b,b,win
52577,x,b,b,b,b,b,x,o,o,b,b,b,o,x,o,b,b,b,b,b,b,b,b,b,b,b,b,b,b,b,b,b,b,b,b,b,x,b,b,b,b,b,loss
12756,o,x,b,b,b,b,o,b,b,b,b,b,o,b,b,b,b,b,x,b,b,b,b,b,b,b,b,b,b,b,x,x,o,b,b,b,b,b,b,b,b,b,win
29123,x,b,b,b,b,b,b,b,b,b,b,b,x,o,x,b,b,b,o,b,b,b,b,b,b,b,b,b,b,b,b,b,b,b,b,b,x,o,o,b,b,b,draw
5731,b,b,b,b,b,b,o,o,b,b,b,b,o,x,b,b,b,b,x,x,o,b,b,b,b,b,b,b,b,b,x,b,b,b,b,b,b,b,b,b,b,b,win
58261,b,b,b,b,b,b,x,x,b,b,b,b,b,b,b,b,b,b,b,b,b,b,b,b,o,b,b,b,b,b,b,b,b,b,b,b,x,o,o,x,o,b,win
50988,x,b,b,b,b,b,x,b,b,b,b,b,b,b,b,b,b,b,o,o,x,b,b,b,o,b,b,b,b,b,b,b,b,b,b,b,x,o,b,b,b,b,win
47682,o,o,b,b,b,b,x,x,b,b,b,b,b,b,b,b,b,b,o,x,o,b,b,b,b,b,b,b,b,b,x,b,b,b,b,b,b,b,b,b,b,b,win
29121,x,x,x,o,b,b,b,b,b,b,b,b,x,b,b,b,b,b,o,b,b,b,b,b,o,o,b,b,b,b,b,b,b,b,b,b,b,b,b,b,b,b,loss
16328,b,b,b,b,b,b,o,b,b,b,b,b,b,b,b,b,b,b,x,b,b,b,b,b,x,o,x,b,b,b,b,b,b,b,b,b,o,x,o,b,b,b,win
20496,b,b,b,b,b,b,b,b,b,b,b,b,x,o,o,b,b,b,o,x,b,b,b,b,b,b,b,b,b,b,x,b,b,b,b,b,o,x,b,b,b,b,win
62514,x,o,x,b,b,b,b,b,b,b,b,b,b,b,b,b,b,b,o,x,x,o,o,b,b,b,b,b,b,b,b,b,b,b,b,b,b,b,b,b,b,b,win
19709,x,o,x,b,b,b,b,b,b,b,b,b,x,b,b,b,b,b,o,x,o,b,b,b,b,b,b,b,b,b,b,b,b,b,b,b,o,b,b,b,b,b,loss
14863,b,b,b,b,b,b,o,x,o,o,b,b,b,b,b,b,b,b,x,x,b,b,b,b,b,b,b,b,b,b,o,b,b,b,b,b,x,b,b,b,b,b,win
11047,b,b,b,b,b,b,o,x,o,b,b,b,o,b,b,b,b,b,x,b,b,b,b,b,x,b,b,b,b,b,b,b,b,b,b,b,o,x,b,b,b,b,win
19689,x,o,x,b,b,b,b,b,b,b,b,b,x,b,b,b,b,b,o,x,o,o,b,b,b,b,b,b,b,b,b,b,b,b,b,b,b,b,b,b,b,b,loss
33482,b,b,b,b,b,b,x,b,b,b,b,b,x,o,o,b,b,b,b,b,b,b,b,b,o,b,b,b,b,b,b,b,b,b,b,b,x,x,o,b,b,b,loss
63100,x,x,o,b,b,b,b,b,b,b,b,b,b,b,b,b,b,b,o,b,b,b,b,b,b,b,b,b,b,b,b,b,b,b,b,b,o,x,x,o,b,b,loss
49159,b,b,b,b,b,b,x,x,b,b,b,b,o,b,b,b,b,b,o,o,x,b,b,b,b,b,b,b,b,b,x,b,b,b,b,b,o,b,b,b,b,b,win
40627,x,b,b,b,b,b,o,x,o,x,b,b,x,b,b,b,b,b,b,b,b,b,b,b,o,b,b,b,b,b,b,b,b,b,b,b,o,b,b,b,b,b,loss
25973,o,o,x,b,b,b,x,b,b,b,b,b,x,b,b,b,b,b,o,b,b,b,b,b,x,b,b,b,b,b,b,b,b,b,b,b,o,b,b,b,b,b,draw
46051,o,o,x,x,o,b,x,b,b,b,b,b,x,b,b,b,b,b,b,b,b,b,b,b,o,b,b,b,b,b,b,b,b,b,b,b,b,b,b,b,b,b,win
13247,o,x,b,b,b,b,b,b,b,b,b,b,o,b,b,b,b,b,x,b,b,b,b,b,b,b,b,b,b,b,x,b,b,b,b,b,o,x,o,b,b,b,win
22402,b,b,b,b,b,b,x,b,b,b,b,b,x,x,b,b,b,b,o,o,b,b,b,b,x,b,b,b,b,b,o,b,b,b,b,b,o,b,b,b,b,b,win
35026,x,b,b,b,b,b,b,b,b,b,b,b,x,o,b,b,b,b,b,b,b,b,b,b,b,b,b,b,b,b,x,o,o,x,b,b,o,b,b,b,b,b,win
34188,b,b,b,b,b,b,b,b,b,b,b,b,x,o,o,x,o,b,b,b,b,b,b,b,b,b,b,b,b,b,x,o,x,b,b,b,b,b,b,b,b,b,win
37624,o,x,o,b,b,b,b,b,b,b,b,b,x,x,b,b,b,b,b,b,b,b,b,b,o,x,b,b,b,b,o,b,b,b,b,b,b,b,b,b,b,b,win
