,board_description1,board_description2,board_description3,board_description4,board_description5,board_description6,board_description7,board_description8,board_description9,board_description10,board_description11,board_description12,board_description13,board_description14,board_description15,board_description16,board_description17,board_description18,board_description19,board_description20,board_description21,board_description22,board_description23,board_description24,board_description25,board_description26,board_description27,board_description28,board_description29,board_description30,board_description31,board_description32,board_description33,board_description34,board_description35,board_description36,Label
974,f,f,f,f,f,f,t,t,t,f,t,f,l,f,n,f,f,t,f,f,f,t,f,f,f,t,f,f,f,f,f,f,f,t,f,n,nowin
2968,f,f,f,t,t,t,f,f,f,f,f,f,l,f,n,t,f,t,f,f,f,f,f,f,f,f,f,f,f,f,f,f,t,f,t,n,nowin
279,f,f,f,f,t,f,t,f,f,f,f,f,l,f,n,f,f,f,f,f,f,f,f,f,f,f,f,f,f,f,f,f,f,t,t,n,won
1164,f,f,f,f,f,t,f,f,f,f,f,t,g,f,n,f,f,t,f,f,f,f,f,t,f,f,f,f,f,f,f,f,t,t,t,n,nowin
989,f,f,t,f,t,t,t,f,f,f,f,f,l,f,n,f,f,t,f,f,f,f,f,t,f,t,f,f,f,f,f,f,t,f,t,n,nowin
3066,f,f,f,f,t,f,t,t,t,f,f,f,l,f,n,f,f,f,f,f,f,f,f,t,f,t,f,f,f,f,f,f,t,f,t,t,nowin
192,t,f,f,f,f,t,f,f,f,f,t,f,l,f,w,f,f,t,f,f,f,f,f,f,f,t,f,f,f,f,t,f,f,t,t,n,won
1468,f,f,f,f,f,t,f,f,f,t,t,f,g,f,n,f,f,t,f,f,f,f,f,t,f,t,f,f,f,f,f,f,t,t,f,n,nowin
2879,t,f,f,f,f,f,t,t,t,f,f,f,l,f,w,f,f,t,f,f,f,f,f,t,f,t,f,f,f,f,f,t,f,t,f,n,nowin
691,f,f,f,f,f,f,f,f,f,f,f,t,l,f,n,f,f,t,f,f,f,f,f,f,f,f,f,f,f,f,f,f,f,t,t,t,won
2389,t,f,t,f,f,f,t,t,t,t,t,f,g,f,n,f,f,t,f,f,f,f,f,t,f,t,f,f,f,f,f,f,t,f,f,n,nowin
3058,f,f,f,t,t,t,t,t,t,f,f,f,g,f,n,f,f,f,f,f,f,f,f,t,f,f,f,f,f,f,f,f,t,f,t,t,nowin
433,f,f,f,f,f,t,f,f,t,f,t,f,g,f,n,f,f,t,f,f,f,t,f,f,f,t,f,f,f,f,f,f,f,t,f,n,won
2704,f,f,f,f,t,f,t,t,t,t,f,f,l,f,n,f,f,t,f,f,f,f,f,f,f,f,f,f,f,f,f,f,f,f,t,t,nowin
525,f,f,f,f,f,f,f,f,f,f,f,t,l,f,n,f,f,f,f,f,f,f,f,f,f,t,f,f,f,f,f,f,f,f,t,n,won
1241,f,f,f,f,f,f,f,f,f,t,f,f,l,f,n,f,f,t,f,f,f,f,f,t,f,t,f,f,f,f,f,f,f,t,t,n,nowin
1362,f,f,f,f,t,t,f,t,t,t,t,f,l,f,n,f,f,t,f,f,f,f,f,f,f,t,f,f,f,f,f,f,f,t,t,n,nowin
588,f,f,f,f,f,t,t,f,f,f,f,f,l,f,n,f,f,f,f,f,f,f,f,t,f,t,f,f,f,f,f,f,f,f,t,t,won
3043,f,f,f,f,t,t,t,f,t,f,f,f,g,f,n,f,f,t,f,f,f,t,f,t,f,f,f,f,f,f,f,f,t,t,t,t,nowin
2521,t,f,f,f,t,f,t,t,t,t,t,f,l,f,n,f,f,t,f,f,f,f,f,f,f,t,f,f,f,f,f,f,f,f,t,n,nowin
2140,f,f,f,f,f,f,f,f,t,f,t,f,l,f,w,f,f,t,f,t,t,t,f,t,f,t,f,f,f,f,t,f,f,t,f,n,won
1206,f,f,f,f,f,f,f,f,f,f,f,f,g,f,n,f,f,t,f,f,f,f,f,t,f,t,f,f,f,f,f,f,t,t,t,t,nowin
2062,f,f,t,f,f,f,t,f,f,t,f,t,l,f,n,f,f,t,f,t,t,f,f,t,f,t,f,f,f,f,f,t,t,t,f,n,won
706,f,f,f,f,f,f,f,f,f,f,f,f,l,f,n,f,f,t,f,f,t,f,f,t,f,t,f,f,f,f,f,f,t,t,t,n,won
3114,f,f,f,f,t,t,t,f,t,f,f,f,l,f,n,f,f,t,f,f,f,t,f,f,f,f,f,f,f,f,f,f,t,t,t,t,nowin
1735,t,f,f,f,f,f,t,t,t,f,t,f,l,f,w,f,f,t,f,f,f,f,f,t,f,t,f,f,f,f,f,f,f,t,t,n,won
367,f,f,f,f,f,f,f,f,t,f,t,f,g,f,n,f,f,t,f,f,f,t,f,t,f,t,f,f,f,f,f,f,f,t,t,n,won
404,f,f,f,f,f,t,f,f,f,f,f,f,g,f,n,f,f,t,f,f,f,f,f,t,f,t,f,f,f,f,f,f,f,t,t,n,won
413,f,f,f,f,f,t,f,f,f,f,t,f,g,f,n,f,f,t,f,f,f,f,f,f,f,t,f,f,f,f,f,f,f,t,t,n,won
532,f,f,f,f,f,t,t,f,f,f,t,t,l,f,w,f,f,t,f,f,f,f,f,f,f,t,f,f,f,f,f,f,f,t,f,n,won
2367,f,f,f,f,f,f,f,f,f,t,f,f,g,f,n,f,f,t,f,t,f,f,f,t,f,t,f,f,f,f,f,t,f,t,f,n,nowin
1860,t,f,f,f,t,t,t,t,t,f,t,f,l,f,b,f,f,f,f,f,f,f,f,t,f,t,f,f,f,f,f,f,f,f,t,n,won
913,f,f,f,f,f,f,f,f,f,f,f,f,l,f,n,f,f,t,f,f,f,f,f,t,f,t,f,f,f,f,t,t,f,t,f,n,nowin
2445,f,f,f,f,f,f,f,f,f,t,t,f,l,f,b,f,f,t,f,f,f,f,f,f,f,t,f,f,f,f,t,f,t,t,f,n,nowin
2768,f,f,f,f,f,f,t,t,t,f,f,f,g,f,n,f,f,t,f,f,f,f,t,f,f,t,f,f,f,f,f,t,f,t,f,n,nowin
2529,f,f,t,f,f,f,t,t,t,t,f,f,l,f,n,f,f,f,f,f,f,f,f,t,f,t,f,f,f,f,f,f,t,f,t,n,nowin
673,f,f,f,f,t,f,f,f,f,f,f,f,g,f,n,f,f,t,f,f,f,f,f,t,f,f,f,f,f,f,f,f,f,t,t,t,won
940,f,f,f,f,f,f,f,f,t,f,t,f,l,f,n,f,f,t,f,f,f,t,f,t,f,t,f,f,f,f,t,f,f,t,f,n,nowin
2326,f,t,f,f,f,t,f,f,f,f,f,f,l,f,n,t,f,t,f,f,t,f,f,f,f,f,f,f,f,f,f,f,t,t,t,t,won
2200,f,t,f,f,t,f,f,f,t,f,f,f,l,f,w,t,f,f,f,t,t,t,f,f,f,t,f,f,f,f,t,t,f,f,f,n,won
1103,f,f,f,f,t,t,t,f,t,f,f,f,g,f,n,f,f,t,f,f,f,t,f,f,f,t,f,f,f,f,f,f,t,t,t,n,nowin
1990,f,f,f,f,f,f,f,f,f,t,f,f,g,f,n,f,t,t,f,f,t,f,t,f,f,t,f,f,f,f,f,f,f,t,t,n,won
2973,f,f,f,f,f,t,t,t,t,f,f,f,l,f,n,t,f,t,f,f,f,f,f,f,f,f,f,f,f,f,f,f,t,f,t,n,nowin
109,f,f,f,f,f,f,t,t,t,f,t,f,l,f,w,f,f,t,f,f,f,f,f,f,f,t,f,f,f,f,f,f,f,t,f,n,won
735,f,f,f,f,t,f,f,f,f,f,f,f,l,f,n,f,f,f,f,f,t,f,f,f,f,f,f,f,f,f,f,f,t,f,t,n,won
893,f,f,f,f,f,t,f,f,f,t,f,f,l,f,n,f,f,t,f,f,t,f,f,f,f,f,f,f,f,f,f,f,f,t,t,t,won
977,f,f,f,f,f,f,t,t,t,f,t,f,l,f,n,f,f,t,f,f,f,t,f,f,f,t,f,f,f,f,f,f,t,t,f,n,nowin
2775,t,t,t,f,f,f,f,f,f,f,t,f,g,t,n,t,f,t,f,f,f,f,f,t,f,t,f,f,f,f,f,f,f,f,f,n,nowin
2021,f,f,f,f,f,f,t,f,f,t,f,f,l,f,w,f,f,f,f,t,t,f,f,f,f,t,f,f,f,f,f,t,t,f,f,n,won
1320,f,f,f,f,f,t,f,f,f,t,f,f,l,f,n,f,f,t,f,f,f,f,f,t,f,t,f,f,f,f,f,f,t,t,t,n,nowin
1779,t,f,f,f,f,t,f,f,f,f,t,f,l,f,w,f,f,t,f,f,f,f,f,t,f,t,f,f,f,f,t,f,f,t,f,n,won
703,f,f,f,f,f,f,f,f,f,f,f,f,l,f,n,f,f,t,f,f,t,f,f,f,f,t,f,f,f,f,f,f,t,t,t,n,won
1212,f,f,f,f,t,t,t,f,f,f,f,f,g,f,n,f,f,t,f,f,f,f,f,f,f,t,f,f,f,f,f,f,t,t,t,t,nowin
833,f,f,f,f,f,f,f,f,f,t,f,f,l,f,n,f,f,f,f,f,t,f,f,f,f,t,f,f,f,f,f,f,f,t,t,n,won
3165,f,f,f,t,f,f,f,f,f,f,f,f,l,f,w,f,f,t,f,t,f,f,f,f,f,t,f,f,t,f,f,t,f,f,f,n,nowin
2470,f,t,f,f,f,f,f,f,f,t,f,f,l,f,n,t,f,f,f,t,f,f,f,f,f,t,f,f,f,f,f,t,f,f,f,n,nowin
1017,f,f,f,f,f,f,f,f,t,f,f,f,l,f,n,f,f,t,f,f,f,t,f,t,f,f,f,f,f,f,f,f,t,t,t,n,nowin
1240,f,f,f,f,t,f,t,f,f,t,f,f,l,f,n,f,f,t,f,f,f,f,f,f,f,t,f,f,f,f,f,f,t,t,t,n,nowin
119,f,f,f,t,t,t,f,f,f,f,f,f,l,f,n,f,f,t,f,f,f,f,f,f,f,t,f,f,f,f,f,f,f,t,t,n,won
724,f,f,f,f,f,f,f,f,f,f,f,f,l,f,n,f,f,t,f,f,t,f,f,f,f,f,f,f,f,f,f,f,f,t,t,n,won
2136,f,f,f,f,f,f,f,f,t,f,t,f,l,f,n,f,f,t,f,t,t,t,f,t,f,t,f,f,f,f,t,f,t,t,f,n,won
817,f,f,f,f,f,f,f,f,f,f,f,f,l,f,n,f,f,f,f,f,t,f,f,f,f,f,f,f,f,f,f,f,f,f,t,t,won
1169,f,f,f,f,t,f,t,f,f,f,f,f,l,f,n,f,f,f,f,f,f,f,f,f,f,t,f,f,f,f,f,f,t,f,t,t,nowin
1926,f,f,f,f,f,f,t,f,t,f,f,f,g,f,n,f,f,t,f,f,f,t,f,t,f,f,f,f,f,f,f,f,f,t,t,t,won
1501,f,f,f,f,t,t,t,f,f,t,f,f,g,f,n,f,f,t,f,f,f,f,f,f,f,f,f,f,f,f,f,f,t,t,t,n,nowin
2779,f,f,f,t,t,t,f,f,f,f,f,f,g,f,n,t,f,t,f,f,f,f,f,f,f,t,f,f,f,f,f,f,t,f,t,n,nowin
307,f,f,f,f,t,t,t,f,f,f,f,f,l,f,n,f,f,t,f,f,f,f,f,f,f,f,f,f,f,f,f,f,f,f,t,n,won
2580,f,t,f,f,f,t,f,f,f,t,t,f,l,f,w,f,f,f,f,f,f,f,f,f,f,t,f,f,f,f,f,f,f,f,t,n,nowin
2199,f,t,f,t,f,f,f,f,t,f,f,f,l,f,w,t,f,f,f,t,t,t,f,f,f,t,f,f,f,f,t,t,f,f,f,n,won
1045,f,f,f,f,f,t,t,t,t,f,f,f,l,f,n,f,f,t,f,f,f,t,f,f,f,f,f,f,f,f,f,f,t,t,t,n,nowin
1930,f,f,f,f,t,f,t,t,t,f,f,f,g,f,n,f,f,t,f,f,f,f,f,f,f,f,f,f,f,f,f,f,f,t,t,t,won
1416,f,f,f,f,f,f,f,f,f,t,t,f,g,f,n,f,f,t,f,f,f,f,f,t,f,t,f,f,f,f,f,f,f,t,t,n,nowin
2538,t,f,t,f,f,f,t,t,t,t,t,f,l,f,w,f,f,f,f,f,f,f,f,t,f,t,f,f,f,f,f,f,t,f,f,n,nowin
1056,f,f,f,f,f,f,f,f,t,f,f,f,g,f,n,f,f,t,f,f,f,t,f,t,f,t,f,f,f,f,f,f,t,t,t,n,nowin
47,t,f,f,f,f,f,f,f,f,f,t,f,l,f,n,f,f,t,f,t,f,f,f,t,f,t,f,f,f,f,f,f,f,t,f,n,won
1861,t,f,f,f,t,t,t,t,t,f,t,f,l,f,n,f,f,f,f,f,f,f,f,f,f,t,f,f,f,f,f,f,f,f,f,n,won
1369,f,f,f,f,f,t,f,t,t,t,t,f,l,f,w,f,f,t,f,f,f,f,f,f,f,t,f,f,f,f,f,f,f,t,t,n,nowin
2006,f,f,f,f,f,f,f,f,f,t,t,f,l,f,w,f,f,t,f,t,t,f,f,f,f,t,f,f,f,f,t,f,t,f,f,n,won
2322,f,t,f,f,f,f,f,f,t,f,f,f,l,f,n,f,f,f,f,f,t,t,f,f,f,f,f,f,f,t,f,f,t,f,t,t,won
1680,t,f,f,f,f,f,f,f,f,f,t,f,l,f,n,f,f,t,f,f,f,f,f,t,f,t,f,f,f,t,t,f,f,t,f,n,won
1709,f,f,f,f,f,f,f,f,f,f,t,f,l,f,w,f,f,f,t,t,f,f,f,t,f,t,f,f,f,t,t,f,f,f,t,n,won
468,f,f,f,f,f,t,f,f,f,f,f,f,g,f,n,f,f,t,f,f,f,f,t,f,f,t,f,f,f,f,f,f,f,t,t,n,won
2208,f,f,f,f,f,f,f,f,f,f,t,f,l,f,w,f,f,f,f,t,t,f,f,f,f,t,f,f,f,f,t,f,f,f,t,n,won
174,f,f,f,f,f,t,f,f,f,f,t,f,l,f,w,f,f,t,f,f,f,f,f,f,f,t,f,f,f,f,t,f,f,f,f,n,won
2571,f,f,f,f,f,t,f,f,f,t,t,f,l,f,n,f,f,t,f,t,f,f,f,f,f,t,f,f,f,f,t,f,t,t,f,n,nowin
2138,f,f,f,f,t,f,f,f,t,f,t,f,l,f,n,f,f,t,f,t,t,t,f,t,f,t,f,f,f,f,t,f,t,t,f,n,won
2328,f,f,f,f,f,t,f,f,f,f,f,f,l,f,n,f,f,f,f,f,t,f,f,t,f,f,f,f,f,f,f,f,t,f,t,t,won
2366,f,f,f,f,f,f,f,f,f,t,f,f,g,f,n,f,f,t,f,f,f,f,f,t,f,t,f,f,f,f,f,t,t,t,f,n,nowin
172,f,f,f,f,f,t,t,f,t,f,t,f,l,f,w,f,f,t,f,f,f,t,f,t,f,t,f,f,f,f,f,f,f,t,t,n,won
1078,f,f,f,f,t,f,f,f,f,f,t,f,g,f,b,f,f,t,f,f,f,f,f,t,f,t,f,f,f,f,f,f,f,t,t,n,nowin
2970,f,f,f,t,t,t,f,f,f,f,f,f,l,f,n,t,f,f,f,f,f,f,f,t,f,f,f,f,f,f,f,f,t,f,t,n,nowin
53,t,f,f,f,f,f,f,f,f,f,t,f,l,f,w,f,f,t,f,f,f,f,f,t,f,t,f,f,f,f,t,f,f,t,t,n,won
2789,t,f,f,t,t,t,t,t,t,f,t,f,g,f,n,f,f,t,f,f,f,f,f,t,f,t,f,f,f,f,f,f,t,f,f,n,nowin
259,f,f,f,f,f,t,t,t,t,f,t,f,l,f,w,f,f,t,f,f,f,f,f,f,f,t,f,f,f,f,f,f,f,t,f,n,won
2298,f,f,f,t,f,t,f,f,f,f,f,f,l,f,n,f,f,f,f,f,t,f,f,f,f,t,f,f,f,f,f,f,f,f,t,t,won
697,f,f,f,f,f,t,f,f,f,f,f,t,l,f,n,f,f,t,f,f,f,f,f,t,f,f,f,f,f,f,f,f,f,t,t,t,won
142,f,f,f,f,f,t,f,f,t,f,t,f,l,f,n,f,f,t,f,f,f,t,f,f,f,t,f,f,f,f,t,f,f,t,t,n,won
2552,t,f,f,f,t,f,t,t,t,t,t,f,l,f,n,f,f,f,f,t,f,f,f,f,f,t,f,f,f,f,f,f,f,f,f,n,nowin
1267,f,f,f,f,f,f,f,f,f,t,t,f,l,f,n,f,f,t,f,f,f,f,f,t,f,t,f,f,f,f,t,f,t,t,f,n,nowin
842,f,f,f,f,f,t,f,f,f,t,t,f,l,f,n,f,f,f,f,t,t,f,f,t,f,t,f,f,f,f,f,f,f,t,t,n,won
2864,f,f,f,f,f,f,f,f,t,f,f,f,l,f,n,f,f,f,f,t,f,t,f,t,f,t,f,f,f,f,t,t,f,t,f,n,nowin
1377,f,f,f,f,f,t,f,t,t,t,f,f,l,f,n,f,f,f,f,f,f,f,f,f,f,t,f,f,f,f,f,f,f,f,t,n,nowin
2503,t,f,f,f,t,f,t,t,t,t,t,f,l,f,n,t,f,t,f,t,f,f,f,f,f,t,f,f,f,f,t,f,t,f,f,n,nowin
619,f,f,f,t,t,t,f,f,f,f,f,f,l,f,n,f,f,t,f,f,f,f,f,f,f,f,f,f,f,f,f,f,f,f,t,t,won
2046,f,f,f,t,f,t,f,f,f,t,t,f,l,f,n,f,f,t,f,t,t,f,f,f,f,t,f,f,f,f,t,f,t,t,t,n,won
2823,f,f,f,f,t,f,t,f,f,f,t,f,l,f,n,f,f,t,f,t,f,f,f,f,f,t,f,f,f,f,t,f,t,t,f,n,nowin
1168,f,f,f,f,f,f,f,f,f,f,f,f,l,f,n,f,f,f,f,f,f,f,f,f,f,t,f,f,f,t,f,f,t,f,t,t,nowin
225,f,f,f,f,f,t,f,f,t,f,t,f,l,f,n,f,f,f,f,f,f,t,f,t,f,t,f,f,f,f,t,f,f,f,t,n,won
1922,f,f,f,t,t,t,t,t,t,f,f,f,g,f,n,f,f,t,f,f,f,f,f,t,f,t,f,f,f,f,f,f,f,f,t,t,won
1527,f,f,f,f,f,f,f,f,f,t,f,t,g,f,n,f,f,t,f,f,f,f,f,f,f,f,f,f,f,f,f,f,f,t,t,n,nowin
1219,f,f,f,f,f,f,f,f,t,f,f,f,g,f,n,f,f,t,f,f,f,t,f,f,f,f,f,f,f,f,f,f,t,t,t,t,nowin
2641,f,f,f,f,f,t,t,f,f,t,t,t,l,f,n,f,t,t,f,t,f,f,t,f,f,t,f,f,f,f,f,f,f,t,t,n,nowin
1853,f,f,f,f,f,t,t,t,t,f,t,f,l,f,w,f,f,f,f,f,f,f,f,t,f,t,f,f,f,f,f,f,f,f,f,n,won
489,f,f,f,f,f,f,f,f,f,f,f,f,g,f,n,f,t,t,f,f,f,f,f,t,f,f,f,f,f,f,f,f,f,t,t,n,won
2711,f,f,t,f,f,f,t,t,t,t,f,f,l,f,n,f,f,f,f,f,f,f,f,t,f,f,f,f,f,f,f,f,f,f,t,t,nowin
1799,f,f,f,f,t,t,t,f,f,f,t,f,l,f,w,f,f,f,f,t,f,f,f,t,f,t,f,f,f,f,f,f,f,f,f,n,won
1187,f,f,f,f,f,f,f,f,t,f,f,f,l,f,n,f,f,t,f,f,f,t,f,t,f,f,f,f,f,f,f,f,t,t,t,t,nowin
727,f,f,f,f,f,f,f,f,t,f,f,f,l,f,n,f,f,t,f,f,t,t,f,f,f,f,f,f,f,f,f,f,t,t,t,n,won
149,f,f,f,f,f,t,f,f,t,f,t,f,l,f,n,f,f,t,f,f,f,t,f,t,f,t,f,f,f,f,t,f,f,t,t,n,won
1306,f,f,f,f,f,f,f,f,f,t,f,f,l,f,n,f,t,t,f,f,f,f,t,f,f,t,f,f,f,f,f,f,t,t,t,n,nowin
1379,f,f,f,f,t,t,f,t,t,t,f,f,l,f,n,f,f,f,f,f,f,f,f,f,f,t,f,f,f,f,f,f,f,f,t,n,nowin
2349,f,t,f,f,f,t,f,f,t,f,f,f,l,f,n,f,f,f,f,f,t,t,f,f,f,f,f,f,f,t,f,f,t,f,t,t,won
700,f,f,f,f,f,f,f,f,f,f,f,t,g,f,n,f,f,t,f,f,f,f,f,f,f,f,f,f,f,f,f,f,f,t,t,t,won
2770,t,f,t,f,f,f,f,f,f,f,t,f,g,t,b,f,f,t,f,f,f,f,f,t,f,t,f,f,f,f,f,f,f,f,f,n,nowin
3077,f,f,f,f,t,f,f,f,f,f,f,f,l,f,n,f,f,t,f,f,f,f,f,t,f,f,t,f,f,f,f,f,t,t,t,t,nowin
1736,t,f,f,f,f,f,t,t,t,f,t,f,l,f,n,f,f,t,f,t,f,f,f,t,f,t,f,f,f,f,f,f,f,t,t,n,won
1026,f,f,f,f,f,t,f,f,f,f,f,f,l,f,n,f,f,t,f,f,f,f,f,f,f,f,f,f,f,f,f,f,t,t,t,n,nowin
3153,f,f,f,f,f,f,f,f,f,f,f,f,g,f,w,f,f,t,f,t,f,f,f,t,f,t,f,f,t,f,f,t,f,t,f,n,nowin
803,f,f,f,f,f,f,f,f,f,f,f,f,l,f,n,f,f,f,f,f,t,f,f,t,f,t,f,f,f,f,f,f,f,f,t,t,won
2168,f,t,f,f,f,f,f,f,t,f,t,f,l,f,n,t,f,f,f,t,t,t,f,t,f,t,t,f,f,t,t,f,t,f,f,n,won
507,f,f,t,f,f,t,f,f,f,f,f,f,g,f,n,f,f,t,f,f,f,f,f,t,f,f,f,f,f,f,f,f,f,f,t,n,won
2135,f,f,f,f,f,f,f,f,t,f,t,f,l,f,n,f,f,t,f,f,t,t,f,t,f,t,f,f,f,f,t,f,t,t,f,n,won
1920,f,t,f,f,f,t,f,f,f,f,f,f,g,f,n,f,f,f,f,f,f,f,f,t,f,t,f,f,f,f,f,f,f,f,t,t,won
2084,f,f,f,t,t,t,f,f,f,t,f,f,g,f,n,f,f,t,f,f,t,f,f,f,f,f,f,f,f,f,f,f,f,t,t,t,won
2842,f,f,f,f,f,f,f,f,f,f,t,f,l,f,n,t,f,f,f,f,f,f,f,t,f,t,f,f,f,f,t,f,t,f,f,n,nowin
2381,f,f,f,f,f,f,t,t,t,t,f,f,g,f,n,t,f,t,f,f,f,f,f,f,f,t,f,f,f,f,f,f,t,f,t,n,nowin
1840,f,f,f,t,f,t,t,t,t,f,t,f,l,f,n,f,f,t,f,t,f,t,f,f,f,t,f,f,f,f,f,f,f,t,t,n,won
177,f,f,f,f,t,t,t,f,f,f,t,f,l,f,w,f,f,t,f,f,f,f,f,f,f,t,f,f,f,f,f,f,f,f,f,n,won
31,f,f,f,f,f,f,f,f,t,f,t,f,l,f,w,f,f,t,f,f,f,t,f,t,f,t,f,f,f,f,f,f,f,t,t,n,won
79,f,f,f,f,f,f,f,f,f,f,t,f,l,f,n,f,f,f,f,f,f,f,f,f,f,t,f,f,f,f,t,f,f,f,f,n,won
2050,f,f,f,f,f,t,f,f,f,t,t,f,l,f,w,f,f,f,f,t,t,f,f,f,f,t,f,f,f,f,t,f,t,f,t,n,won
1730,f,f,f,f,f,f,t,t,t,f,t,f,l,f,w,f,f,t,f,f,f,t,f,f,f,t,f,f,f,f,f,f,f,t,f,n,won
2344,f,f,f,t,t,t,f,f,f,f,f,f,l,f,n,f,f,f,f,f,t,f,f,f,f,f,f,f,f,f,f,f,f,f,t,t,won
3052,f,f,f,f,t,t,t,f,t,f,f,f,g,f,n,f,f,t,f,f,f,t,f,f,f,f,f,f,f,f,f,f,t,t,t,t,nowin
2790,t,f,f,t,t,t,t,t,t,f,t,f,g,f,n,f,f,t,f,f,f,f,f,t,f,t,t,f,f,f,f,f,t,f,t,n,nowin
2372,f,f,f,f,f,f,t,t,t,t,t,f,g,f,b,f,f,t,f,f,f,f,f,f,f,t,f,f,f,f,f,f,f,t,t,n,nowin
3053,f,f,f,t,t,t,f,f,f,f,f,f,g,f,n,f,f,f,f,f,f,f,f,t,f,f,f,f,f,f,f,f,t,f,t,t,nowin
235,f,f,f,f,t,t,t,f,f,f,t,f,l,f,w,f,f,f,f,f,f,f,f,f,f,t,f,f,f,f,f,f,f,t,t,n,won
2102,f,f,f,f,t,t,t,f,f,t,f,f,l,f,n,f,f,t,f,f,t,f,f,f,f,f,f,f,f,f,f,f,f,t,t,t,won
1116,f,f,f,f,f,f,f,f,f,f,f,f,g,f,n,f,f,t,f,f,f,f,f,f,f,f,f,f,f,f,f,f,t,t,t,n,nowin
693,f,f,f,f,f,f,f,f,f,f,f,t,l,f,n,f,f,t,f,f,f,f,f,t,f,f,f,f,f,f,f,f,f,t,t,t,won
1035,f,f,f,f,t,t,t,f,t,f,f,f,l,f,n,f,f,t,f,f,f,t,f,f,f,f,f,f,f,f,f,f,t,t,t,n,nowin
1180,f,f,f,f,f,f,f,f,f,f,f,f,l,f,n,f,f,t,f,f,f,f,f,f,f,f,t,f,f,f,f,f,t,t,t,t,nowin
2706,f,f,f,f,t,f,t,t,t,t,f,f,l,f,n,f,f,t,f,f,f,t,f,f,f,f,f,f,f,f,f,f,f,f,t,t,nowin
2081,f,f,f,f,t,t,f,f,f,t,f,f,g,f,n,f,f,t,f,f,t,f,f,f,f,f,t,f,f,f,f,f,t,t,t,t,won
1467,f,f,f,f,t,t,t,f,f,t,t,f,g,f,n,f,f,t,f,f,f,f,f,f,f,t,f,f,f,f,f,f,t,t,f,n,nowin
2077,f,f,f,f,f,t,f,f,f,t,f,f,g,f,n,f,f,t,f,f,t,f,f,t,f,f,f,f,f,f,f,f,t,t,t,t,won
2539,t,f,t,f,f,f,t,t,t,t,t,f,l,f,n,f,f,f,f,t,f,f,f,t,f,t,f,f,f,f,f,f,t,f,f,n,nowin
975,f,f,f,f,f,f,t,t,t,f,t,f,l,f,n,f,f,t,f,f,f,f,f,f,f,t,f,f,f,f,f,f,t,t,f,n,nowin
552,f,f,f,f,f,t,f,f,f,f,f,t,g,f,n,f,f,t,f,f,f,f,f,t,f,t,f,f,f,f,f,f,f,t,t,n,won
34,f,f,f,f,f,f,t,f,f,f,t,f,l,f,w,f,f,t,f,f,f,f,f,f,f,t,f,f,f,f,f,f,f,t,f,n,won
832,f,f,f,f,f,f,f,f,f,t,t,f,l,f,w,f,f,t,f,f,t,f,f,f,f,t,f,f,f,f,f,f,t,t,f,n,won
2274,f,f,f,f,f,f,f,f,f,f,f,t,g,f,n,f,f,t,f,f,t,f,f,t,f,f,f,f,f,f,f,f,t,t,t,n,won
1806,f,f,f,f,t,t,t,f,f,f,t,f,l,f,n,f,f,f,f,t,f,f,f,f,f,t,f,f,f,f,f,f,f,f,f,n,won
2239,f,t,f,f,f,t,f,f,t,f,t,f,l,f,n,f,f,f,f,t,t,t,f,f,f,t,f,f,f,t,t,f,t,f,f,n,won
1988,f,f,f,f,f,f,f,f,f,t,t,f,g,f,n,f,t,t,f,f,t,f,t,f,f,t,f,f,f,f,f,f,t,t,t,n,won
1057,f,f,f,f,f,f,f,f,f,f,f,f,g,f,n,f,f,t,f,f,f,f,f,f,f,t,f,f,f,f,f,t,f,t,f,n,nowin
2512,t,f,f,f,t,f,t,t,t,t,t,f,l,f,w,f,f,t,f,t,f,f,f,f,f,t,f,f,f,f,f,f,f,f,f,n,nowin
110,f,f,f,f,t,f,t,t,t,f,f,f,l,f,n,f,f,f,f,f,f,f,f,t,f,t,f,f,f,f,f,f,f,t,t,n,won
2743,f,f,f,f,f,f,t,f,f,t,f,t,l,f,n,f,f,t,f,t,f,f,t,f,f,t,f,f,t,f,f,t,f,t,f,n,nowin
1729,f,f,f,f,t,f,t,t,t,f,t,f,l,f,w,f,f,t,f,f,f,f,f,f,f,t,f,f,f,f,f,f,f,t,f,n,won
505,f,f,f,f,f,t,f,f,f,f,f,f,g,f,n,f,f,t,f,f,f,f,f,t,f,f,f,f,f,f,f,f,f,t,t,n,won
870,f,f,f,f,t,t,f,f,f,t,f,f,g,f,n,f,f,t,f,f,t,f,f,f,f,f,f,f,f,f,f,f,f,t,t,n,won
1838,f,f,f,t,f,t,t,t,t,f,t,f,l,f,w,f,f,t,f,f,f,t,f,f,f,t,f,f,f,f,f,f,f,t,t,n,won
2068,f,f,f,f,f,f,f,f,f,t,f,t,l,f,n,f,f,f,f,f,t,f,f,f,f,f,f,f,f,f,f,f,f,t,t,n,won
2616,f,t,f,t,f,t,f,f,f,t,f,f,l,f,n,t,f,t,f,f,f,f,f,t,f,f,f,f,f,f,f,f,t,t,t,n,nowin
1943,f,f,f,f,t,t,t,t,t,f,f,f,g,f,n,f,f,t,f,f,f,f,f,f,f,f,f,f,f,f,f,f,f,t,t,t,won
2258,t,f,f,t,f,t,f,f,f,f,t,f,l,f,w,f,f,f,f,f,t,f,f,f,f,t,t,f,f,f,t,f,t,f,t,n,won
1603,t,f,f,t,t,f,f,f,f,f,t,f,g,f,b,f,f,t,f,f,f,f,f,f,f,t,f,f,f,f,f,f,f,f,f,n,won
1578,f,f,f,f,f,t,f,t,t,t,f,f,g,f,n,f,f,t,f,f,f,f,f,f,f,t,f,f,f,f,f,f,f,t,t,t,nowin
445,t,f,f,f,f,t,t,f,f,f,t,f,g,f,n,f,f,t,f,f,f,f,f,t,f,t,f,f,f,f,f,f,f,t,t,n,won
2951,t,f,f,t,t,t,t,t,t,f,t,f,l,f,n,f,f,t,f,f,f,f,f,t,f,t,t,f,f,f,f,f,t,f,t,n,nowin
1946,f,f,f,t,t,t,t,t,t,f,f,f,g,f,n,f,f,f,f,f,f,f,f,t,f,f,f,f,f,f,f,f,f,f,t,t,won
205,f,f,f,f,t,t,f,f,f,f,f,f,l,f,n,f,f,f,f,f,f,f,f,f,f,t,f,f,f,f,f,f,f,f,t,n,won
287,f,f,f,f,t,f,f,f,f,f,f,f,l,f,n,f,f,f,f,f,f,f,f,t,f,f,f,f,f,f,f,f,f,t,t,n,won
848,f,f,f,f,t,f,f,f,f,t,f,f,g,f,n,f,f,t,f,f,t,f,f,t,f,t,f,f,f,f,f,f,f,t,t,n,won
2732,f,f,f,t,f,t,t,t,t,t,f,f,l,f,n,f,f,f,f,f,f,f,f,t,f,f,f,f,f,f,f,f,f,t,t,t,nowin
1361,f,f,f,f,f,t,f,t,t,t,t,f,l,f,n,f,f,t,f,t,f,f,f,f,f,t,f,f,f,f,f,f,f,t,t,n,nowin
996,f,f,f,f,f,t,f,f,f,f,t,f,l,f,n,f,f,t,f,f,f,f,f,t,f,t,f,f,f,f,t,f,t,t,f,n,nowin
1110,f,f,f,f,t,t,t,t,t,f,f,f,g,f,n,f,f,t,f,f,f,f,f,f,f,t,f,f,f,f,f,f,t,t,t,n,nowin
318,f,t,f,f,f,t,f,f,f,f,f,f,l,f,n,f,f,t,f,f,f,f,f,t,f,f,f,f,f,f,f,f,f,f,t,n,won
770,f,f,f,f,f,f,f,f,f,f,f,f,g,f,n,f,f,t,f,f,t,f,f,t,f,f,f,f,f,t,f,f,f,t,t,n,won
1449,f,f,f,f,f,t,f,f,f,t,f,f,g,f,n,f,f,t,f,f,f,f,f,t,f,t,f,f,f,f,f,f,t,t,t,n,nowin
232,f,f,f,f,t,t,t,f,f,f,t,f,l,f,n,f,f,f,f,f,f,f,f,t,f,t,f,f,f,f,f,f,f,f,f,n,won
1883,t,f,f,f,f,f,f,f,f,f,t,t,l,f,n,f,f,t,f,f,f,f,f,t,f,t,f,f,f,f,t,f,f,t,f,n,won
196,t,f,f,f,f,t,f,f,f,f,t,f,l,f,b,f,f,t,f,f,f,f,f,t,f,t,f,f,f,f,f,f,f,t,t,n,won
374,t,f,f,f,f,f,f,f,f,f,t,f,g,f,n,f,f,t,f,f,f,f,f,f,f,t,f,f,f,f,f,f,f,t,f,n,won
2712,f,f,f,t,f,f,t,t,t,t,f,f,l,f,n,f,f,f,f,f,f,f,f,t,f,f,f,f,f,f,f,f,f,f,t,t,nowin
1106,f,f,f,t,f,t,f,f,f,f,f,f,g,f,n,f,f,t,f,f,f,f,f,t,f,t,f,f,f,f,f,f,t,f,t,n,nowin
838,f,f,f,t,t,t,f,f,f,t,f,f,l,f,n,f,f,t,f,f,t,f,f,f,f,t,f,f,f,f,f,f,f,t,t,n,won
2490,f,f,f,f,t,f,t,t,t,t,t,f,l,f,w,f,f,t,f,f,f,f,f,f,f,t,f,f,f,f,f,f,t,t,t,n,nowin
642,f,f,f,f,t,t,t,t,t,f,f,f,l,f,n,f,f,t,f,f,f,f,f,f,f,f,f,f,f,f,f,f,f,t,t,t,won
1863,t,f,f,f,t,t,t,t,t,f,t,f,l,f,n,f,f,f,f,f,f,f,f,f,f,t,f,f,f,f,f,f,f,f,t,n,won
1121,f,f,f,f,t,f,f,f,f,f,f,f,g,f,n,f,f,t,f,f,f,f,f,t,f,f,f,f,f,f,f,f,t,t,t,n,nowin
3099,f,f,f,f,t,f,t,t,t,f,f,f,l,f,n,f,f,t,f,f,f,f,f,t,f,f,t,f,f,f,f,f,t,t,t,t,nowin
1568,f,f,f,f,f,t,f,t,t,t,f,f,l,f,n,f,f,t,f,f,f,f,f,f,f,f,f,f,f,f,f,f,f,t,t,t,nowin
3027,f,f,f,f,t,f,t,f,f,f,f,f,g,f,n,f,f,t,f,f,f,f,f,t,f,f,t,f,f,f,f,f,t,t,t,t,nowin
33,f,f,f,f,f,f,f,f,f,f,t,f,l,f,w,f,f,t,f,f,f,f,f,f,f,t,f,f,f,f,t,f,f,t,f,n,won
1711,f,f,f,f,f,f,f,f,t,f,t,f,l,f,n,f,f,f,f,t,f,t,f,t,f,t,f,f,f,f,t,f,f,f,t,n,won
2751,f,f,f,f,f,f,f,f,f,f,f,f,g,f,n,f,f,t,f,f,f,f,f,t,f,t,f,f,f,t,f,t,f,t,f,n,nowin
1538,f,f,f,f,f,f,t,t,t,t,f,f,l,f,n,f,f,t,f,f,f,f,f,f,f,t,f,f,f,f,f,f,f,f,t,t,nowin
1008,f,f,f,f,t,t,t,t,t,f,f,f,l,f,n,f,f,t,f,f,f,f,f,f,f,t,f,f,f,f,f,f,t,t,t,n,nowin
686,f,f,f,f,f,f,f,f,f,f,f,t,l,f,n,f,f,f,f,f,f,f,f,f,f,t,f,f,f,f,f,f,t,f,t,t,won
1152,f,f,f,f,f,t,f,f,f,f,f,t,l,f,n,f,f,t,f,f,f,f,f,f,f,f,f,f,f,f,f,f,t,t,t,n,nowin
2822,f,t,f,f,f,f,f,f,f,f,t,f,l,f,n,t,f,t,f,f,f,f,f,f,f,t,f,f,f,f,t,f,t,t,f,n,nowin
1497,f,f,f,f,f,f,f,f,f,t,f,f,g,f,n,f,f,t,f,f,f,f,t,f,f,f,f,f,f,f,f,f,f,t,t,n,nowin
1723,t,f,f,f,t,f,f,f,t,f,t,f,l,f,b,f,f,f,f,f,f,t,f,t,f,t,f,f,f,t,f,f,f,f,f,n,won
2799,f,f,f,t,t,t,f,f,f,f,f,f,g,f,n,t,f,f,f,f,f,f,f,t,f,f,f,f,f,f,f,f,t,f,t,n,nowin
2573,f,f,f,f,t,t,t,f,f,t,t,f,l,f,n,f,f,t,f,t,f,f,f,f,f,t,f,f,f,f,f,f,t,t,f,n,nowin
1606,t,f,f,f,f,f,f,f,f,f,t,f,g,f,b,f,f,t,f,f,f,f,f,t,f,t,f,f,f,t,f,f,f,t,t,n,won
543,f,f,f,f,f,t,f,f,f,f,f,t,l,f,n,f,f,t,f,f,f,f,f,f,f,f,f,f,f,f,f,f,f,t,t,n,won
2033,f,f,f,f,f,t,f,f,f,t,t,f,l,f,w,f,f,t,f,f,t,f,f,t,f,t,f,f,f,f,t,f,t,t,f,n,won
2628,f,t,f,f,f,f,f,f,f,t,f,t,l,f,n,f,f,f,f,f,f,f,f,f,f,t,f,f,f,f,f,f,t,t,t,n,nowin
1402,f,f,f,f,f,t,f,t,t,t,f,f,l,f,n,f,f,f,f,f,f,f,f,f,f,f,f,f,f,f,f,f,t,f,t,n,nowin
976,f,f,f,f,t,f,t,t,t,f,t,f,l,f,n,f,f,t,f,f,f,f,f,f,f,t,f,f,f,f,f,f,t,t,f,n,nowin
2753,f,f,f,f,f,f,f,f,t,f,f,f,g,f,n,f,f,t,f,f,f,t,f,f,f,t,f,f,f,f,f,t,f,t,f,n,nowin
1741,f,f,f,f,t,f,t,t,t,f,t,f,l,f,w,f,f,f,f,f,f,f,f,t,f,t,f,f,f,f,f,f,f,f,t,n,won
622,f,f,f,f,t,t,f,f,f,f,f,f,l,f,n,f,f,t,f,f,f,f,f,f,f,f,f,f,f,f,f,f,t,f,t,t,won
315,f,f,f,f,t,t,t,f,t,f,f,f,l,f,n,f,f,t,f,f,f,t,f,f,f,f,f,f,f,f,f,f,f,t,t,n,won
1901,f,f,f,f,f,f,f,f,f,f,t,t,l,f,n,f,t,f,f,f,f,f,t,f,f,t,f,f,f,f,t,f,f,f,t,n,won
2254,t,f,f,f,t,t,f,f,f,f,t,f,l,f,n,f,f,f,f,f,t,f,f,f,f,t,f,f,f,f,t,f,t,f,f,n,won
1697,f,t,f,f,f,f,f,f,f,f,t,f,l,f,n,f,f,f,f,f,f,f,f,f,f,t,f,f,f,f,t,f,t,t,f,n,won
414,f,f,f,t,f,t,f,f,f,f,t,f,g,f,n,f,f,t,f,f,f,f,f,f,f,t,f,f,f,f,f,f,f,t,t,n,won
1303,f,f,f,f,t,f,t,t,t,t,f,f,l,f,n,f,f,f,f,f,f,f,f,f,f,t,f,f,f,f,f,f,f,f,t,n,nowin
52,t,f,f,f,f,f,f,f,f,f,t,f,l,f,w,f,f,t,f,f,f,f,f,t,f,t,f,f,f,f,f,f,f,t,t,n,won
412,f,f,f,f,t,t,t,f,t,f,f,f,g,f,n,f,f,t,f,f,f,t,f,t,f,t,f,f,f,f,f,f,f,t,t,n,won
2034,f,f,f,f,f,t,f,f,f,t,t,f,l,f,w,f,f,t,f,t,t,f,f,t,f,t,f,f,f,f,t,f,t,t,f,n,won
1570,f,f,f,f,f,t,f,t,t,t,f,f,l,f,n,f,f,t,f,f,f,f,f,f,f,f,f,f,f,f,f,f,t,t,t,t,nowin
953,f,f,f,f,f,f,f,f,f,f,t,f,l,f,n,f,f,f,f,f,f,f,f,f,f,t,f,f,f,f,f,f,f,f,f,n,nowin
721,f,f,f,f,t,t,f,f,f,f,f,f,l,f,n,f,f,f,f,f,t,f,f,f,f,t,f,f,f,f,f,f,f,f,t,n,won
1830,f,f,f,f,f,t,t,t,t,f,t,f,l,f,w,f,f,t,f,f,f,f,f,f,f,t,f,f,f,f,f,f,f,f,f,n,won
380,f,f,f,f,t,f,t,t,t,f,f,f,g,f,n,f,f,t,f,f,f,t,f,f,f,t,f,f,f,f,f,f,f,t,t,n,won
1506,f,f,f,t,f,t,f,f,f,t,f,f,g,f,n,f,f,t,f,f,f,f,f,t,f,f,f,f,f,f,f,f,t,t,t,n,nowin
810,f,f,f,f,f,t,f,f,f,f,f,f,l,f,n,f,f,f,f,f,t,f,f,f,f,t,f,f,f,f,f,f,t,f,t,t,won
2947,f,f,f,t,f,t,t,t,t,f,t,f,l,f,n,f,f,t,f,t,f,t,f,f,f,t,t,f,f,t,t,f,t,t,f,n,nowin
2103,f,f,f,f,f,t,f,f,f,t,f,f,l,f,n,f,f,f,f,f,t,f,f,t,f,f,f,f,f,f,f,f,t,t,t,t,won
2544,t,f,f,t,t,f,t,t,t,t,t,f,l,f,w,f,f,f,f,t,f,f,f,t,f,t,f,f,f,f,f,f,t,f,f,n,nowin
2335,f,t,f,f,f,t,f,f,f,f,f,f,l,f,n,f,f,f,f,f,t,f,f,f,f,f,f,f,f,f,f,f,t,t,t,t,won
3046,f,f,f,t,t,t,f,f,f,f,f,f,g,f,n,f,f,t,f,f,f,f,f,f,f,f,t,f,f,f,f,f,t,t,t,t,nowin
1731,f,f,f,f,f,f,t,t,t,f,t,f,l,f,w,f,f,t,f,t,f,t,f,f,f,t,f,f,f,f,f,f,f,t,f,n,won
785,f,f,f,f,f,t,f,f,f,f,f,t,l,f,n,f,f,t,f,f,t,f,f,f,f,f,f,f,f,f,f,f,t,t,t,n,won
1637,f,f,f,t,f,t,t,t,t,f,t,f,g,f,n,f,f,t,f,f,f,t,f,f,f,t,f,f,f,f,f,f,f,t,t,n,won
2532,f,f,t,f,f,f,t,t,t,t,f,f,l,f,n,f,f,f,f,f,f,f,f,t,f,t,f,f,f,f,f,f,f,f,t,n,nowin
875,f,f,f,f,f,f,f,f,f,t,f,t,g,f,n,f,f,t,f,f,t,f,f,f,f,t,f,f,f,f,f,f,f,t,t,n,won
2797,f,f,f,f,t,t,t,f,t,f,f,f,g,f,n,f,f,t,f,f,f,t,f,t,f,f,f,f,f,f,f,f,t,t,t,n,nowin
970,f,f,f,f,f,f,f,f,f,f,t,f,l,f,n,f,t,t,f,f,f,f,f,f,f,t,f,f,f,f,t,f,t,t,f,n,nowin
1676,t,f,f,f,f,f,f,f,f,f,t,f,l,f,n,f,f,t,f,t,f,f,f,t,f,t,f,f,f,f,t,f,f,t,f,n,won
37,f,f,f,f,f,f,f,f,t,f,t,f,l,f,w,f,f,t,f,f,f,t,f,f,f,t,f,f,f,f,f,f,f,t,f,n,won
2756,t,f,f,f,f,f,f,f,f,f,f,f,g,f,b,f,f,t,f,f,f,f,f,t,f,t,f,f,f,t,f,t,f,t,f,n,nowin
1917,f,t,t,f,f,t,f,f,f,f,f,f,g,f,n,f,f,t,f,f,f,f,f,t,f,t,f,f,f,f,f,f,f,f,t,t,won
2338,f,f,f,t,t,t,f,f,f,f,f,f,l,f,n,f,f,f,f,f,t,f,f,f,f,f,f,f,f,f,f,f,t,f,t,t,won
1395,f,f,f,f,f,t,f,t,t,t,f,f,l,f,n,f,f,t,f,f,f,f,f,f,f,f,f,f,f,f,f,f,f,t,t,n,nowin
2536,t,f,t,f,t,f,t,t,t,t,t,f,l,f,b,f,f,f,f,f,f,f,f,t,f,t,f,f,f,f,f,f,f,f,t,n,nowin
1125,f,f,f,f,f,f,f,f,t,f,f,f,g,f,n,f,f,t,f,f,f,t,f,t,f,f,f,f,f,f,f,f,t,t,t,n,nowin
1609,t,f,f,f,t,f,f,f,t,f,t,f,g,f,n,f,f,t,f,f,f,t,f,f,f,t,f,f,f,f,f,f,f,t,f,n,won
1476,f,f,f,f,t,t,f,t,t,t,f,f,g,f,n,f,f,t,f,f,f,f,f,f,f,t,f,f,f,f,f,f,t,t,t,n,nowin
1249,f,f,f,f,f,f,t,f,f,t,t,f,l,f,n,f,f,t,f,f,f,f,f,f,f,t,f,f,f,f,f,f,t,t,t,n,nowin
710,f,f,f,f,f,f,f,f,f,f,f,f,l,f,n,f,f,f,f,f,t,f,f,f,f,t,f,f,f,f,f,f,t,f,t,n,won
2051,f,t,f,f,f,t,f,f,f,t,t,f,l,f,w,f,f,f,f,t,t,f,f,f,f,t,f,f,f,f,t,f,t,f,t,n,won
2853,f,f,f,f,t,f,t,f,f,f,t,f,l,f,n,f,f,f,f,f,f,f,f,f,f,t,f,f,f,f,t,f,t,f,f,n,nowin
492,f,f,f,f,f,t,f,f,f,f,f,f,g,f,n,f,f,t,f,f,f,f,f,f,f,f,f,f,f,f,f,f,f,t,t,n,won
1874,f,f,f,f,t,t,t,t,t,f,f,f,l,f,n,f,f,f,f,f,f,f,f,t,f,f,f,f,f,f,f,f,f,f,t,n,won
1091,f,f,f,f,f,f,f,f,t,f,f,f,g,f,n,f,f,t,f,f,f,t,t,f,f,t,f,f,f,f,f,f,f,t,t,n,nowin
1223,f,f,f,f,t,t,f,f,f,f,f,f,g,f,n,f,f,t,f,f,f,f,f,f,f,f,f,f,f,f,f,f,t,t,t,t,nowin
1681,t,f,f,f,f,f,f,f,f,f,t,f,l,f,w,f,f,t,f,f,f,f,f,t,f,t,f,f,f,t,t,f,f,t,f,n,won
2430,f,f,t,f,t,f,t,t,t,t,f,f,g,f,n,f,f,t,f,f,f,f,f,t,f,f,f,f,f,f,f,f,f,f,t,n,nowin
3156,f,f,f,f,f,f,t,f,f,f,f,f,g,f,n,f,f,t,f,f,f,f,t,f,f,t,f,f,t,f,f,t,f,t,f,n,nowin
853,f,f,f,f,f,f,f,f,f,t,t,f,g,f,n,f,f,t,f,f,t,f,f,t,f,t,f,f,f,f,f,f,t,t,t,n,won
3127,f,f,f,f,t,t,t,t,t,f,f,f,l,f,n,f,f,t,f,f,f,f,f,f,f,f,f,f,f,f,f,f,t,t,t,t,nowin
1286,f,t,f,f,f,f,f,f,f,t,f,f,l,f,n,f,f,f,f,f,f,f,f,t,f,t,f,f,f,f,f,f,t,f,t,n,nowin
29,f,f,f,f,f,f,f,f,f,f,t,f,l,f,w,f,f,t,f,f,f,f,f,t,f,t,f,f,f,f,t,f,f,t,t,n,won
1466,f,f,f,f,f,t,t,f,f,t,t,f,g,f,n,f,f,t,f,f,f,f,f,f,f,t,f,f,f,f,f,f,t,t,f,n,nowin
427,f,f,f,f,f,t,f,f,t,f,t,f,g,f,n,f,f,t,f,f,f,t,f,t,f,t,f,f,f,f,f,f,f,t,t,n,won
1014,f,f,f,f,f,f,f,f,f,f,f,f,l,f,n,f,f,t,f,f,f,f,f,t,f,f,f,f,f,f,f,f,t,t,t,n,nowin
812,f,f,f,f,f,t,f,f,f,f,f,f,l,f,n,f,f,f,f,f,t,f,f,t,f,t,f,f,f,f,f,f,t,f,t,t,won
2574,f,f,f,f,t,t,t,f,f,t,t,f,l,f,w,f,f,t,f,t,f,f,f,f,f,t,f,f,f,f,f,f,t,t,f,n,nowin
790,f,f,f,f,f,t,f,f,f,f,f,t,g,f,n,f,f,t,f,f,t,f,f,f,f,t,f,f,f,f,f,f,t,t,t,n,won
3116,f,t,f,f,f,t,f,f,f,f,f,f,l,f,n,t,f,f,f,f,f,f,f,t,f,f,f,f,f,f,f,f,t,f,t,t,nowin
2333,f,f,f,t,f,t,f,f,f,f,f,f,l,f,n,f,f,f,f,f,t,f,f,t,f,f,f,f,f,f,f,f,f,f,t,t,won
1974,f,f,f,f,f,f,f,f,t,f,f,t,g,f,n,f,f,t,f,f,f,t,f,t,f,f,f,f,f,f,f,f,f,t,t,t,won
784,f,f,f,f,f,f,f,f,f,f,f,t,l,f,n,f,f,f,f,f,t,f,f,f,f,f,f,f,f,f,f,f,f,f,t,n,won
699,f,f,f,f,f,t,f,f,f,f,f,t,g,f,n,f,f,t,f,f,f,f,f,t,f,t,f,f,f,f,f,f,f,t,t,t,won
3090,f,f,f,f,f,f,f,f,f,f,f,f,l,f,n,f,f,f,f,f,f,f,f,f,f,f,t,f,f,f,f,f,t,f,t,t,nowin
2055,f,f,f,t,f,t,t,t,t,t,t,f,l,f,w,f,f,f,f,f,t,f,f,t,f,t,f,f,f,f,f,f,t,t,t,n,won
2550,t,f,f,f,t,f,t,t,t,t,t,f,l,f,n,f,f,f,f,f,f,f,f,f,f,t,f,f,f,f,f,f,f,f,f,n,nowin
1409,f,f,f,f,f,f,f,f,f,t,t,f,g,f,n,f,f,t,f,f,f,f,f,f,f,t,f,f,f,f,f,f,f,t,t,n,nowin
1113,f,f,f,f,t,t,t,t,t,f,f,f,g,f,n,f,f,t,f,f,f,f,f,t,f,t,f,f,f,f,f,f,t,t,t,n,nowin
963,f,f,f,f,t,f,t,f,f,f,t,f,l,f,n,f,f,f,f,f,f,f,f,f,f,t,f,f,f,f,f,f,t,f,f,n,nowin
1971,f,f,f,t,t,t,t,t,t,f,f,f,l,f,n,f,f,t,f,f,f,f,f,f,f,f,f,f,f,f,f,f,f,f,t,t,won
955,f,f,f,f,t,f,f,f,f,f,t,f,l,f,n,f,f,f,f,t,f,f,f,f,f,t,f,f,f,f,f,f,f,f,f,n,nowin
2558,t,f,f,t,t,f,t,t,t,t,t,f,l,f,n,f,f,f,f,f,f,f,f,t,f,t,t,f,f,f,f,f,t,f,t,n,nowin
2112,f,f,f,t,t,t,f,f,f,t,f,f,l,f,n,f,f,f,f,f,t,f,f,f,f,f,f,f,f,f,f,f,t,f,t,t,won
1710,f,f,f,f,f,f,f,f,t,f,t,f,l,f,w,f,f,f,f,t,f,t,f,t,f,t,f,f,f,f,t,f,f,t,t,n,won
1414,f,f,f,f,f,f,t,f,f,t,t,f,g,f,n,f,f,t,f,f,f,f,f,f,f,t,f,f,f,f,f,f,t,t,t,n,nowin
2004,f,f,f,f,f,f,f,f,f,t,t,f,l,f,w,f,f,t,f,f,t,f,f,f,f,t,f,f,f,f,t,f,t,t,f,n,won
1479,f,f,f,f,t,t,f,t,t,t,t,f,g,f,n,f,f,t,f,f,f,f,f,f,f,t,f,f,f,f,f,f,f,t,t,n,nowin
2441,f,f,f,f,t,t,t,t,t,t,f,f,g,f,n,f,f,t,f,f,f,f,f,f,f,f,f,f,f,f,f,f,t,t,t,n,nowin
2163,f,f,f,f,f,f,f,f,f,f,t,f,l,f,w,f,f,f,f,t,t,f,f,t,f,t,f,f,f,f,t,f,f,f,f,n,won
1197,f,f,f,f,f,t,f,f,t,f,f,f,l,f,n,f,f,t,f,f,f,t,f,f,f,f,f,f,f,f,f,f,t,t,t,t,nowin
85,f,f,f,f,f,f,f,f,f,f,t,f,l,f,w,f,f,f,f,t,f,f,f,f,f,t,f,f,f,f,t,f,f,t,t,n,won
1452,f,f,f,f,t,t,t,f,f,t,t,f,g,f,n,f,f,t,f,f,f,f,f,f,f,t,f,f,f,f,f,f,f,t,t,n,nowin
1632,t,f,f,f,t,t,t,f,t,f,t,f,g,f,n,f,f,t,f,f,f,t,f,f,f,t,f,f,f,f,f,f,f,t,t,n,won
2,f,f,f,f,t,f,t,f,f,f,f,f,l,f,n,f,f,t,f,f,f,f,f,f,f,t,f,f,f,f,f,f,f,t,t,n,won
2758,t,f,f,f,f,f,f,f,f,f,f,f,g,f,n,f,f,t,f,f,f,f,f,t,f,t,f,f,f,f,f,t,f,t,f,n,nowin
3119,f,f,t,f,t,t,t,f,f,f,f,f,l,f,n,f,f,f,f,f,f,f,f,t,f,f,f,f,f,f,f,f,t,f,t,t,nowin
1614,t,t,f,f,f,f,f,f,f,f,t,f,g,f,b,f,f,f,f,f,f,f,f,f,f,t,f,f,f,f,f,f,f,f,f,n,won
138,f,f,f,f,f,t,t,f,f,f,t,f,l,f,n,f,f,t,f,f,f,f,f,f,f,t,f,f,f,f,f,f,f,t,t,n,won
2100,f,f,t,f,t,f,t,t,t,t,f,f,l,f,n,f,f,f,f,f,t,f,f,t,f,f,f,f,f,f,f,f,f,f,t,t,won
2215,f,t,f,t,t,f,f,f,t,f,t,f,l,f,w,f,f,f,f,t,t,t,f,f,f,t,f,f,f,f,t,f,f,f,t,n,won
2944,f,f,f,f,f,t,t,t,t,f,t,f,l,f,n,f,f,t,f,f,f,t,f,f,f,t,f,f,f,f,f,f,t,t,f,n,nowin
1554,f,f,f,f,f,f,f,f,f,t,f,f,l,f,n,f,f,t,f,f,f,f,f,t,f,f,f,f,f,f,f,f,f,t,t,t,nowin
2247,f,t,f,f,f,t,f,f,t,f,t,f,l,f,w,f,f,f,f,t,t,t,f,f,f,t,f,f,f,f,t,f,f,f,t,n,won
2015,f,t,f,f,f,f,f,f,f,t,t,f,l,f,w,f,f,f,f,t,t,f,f,t,f,t,f,f,f,f,t,f,t,t,f,n,won
1291,f,f,f,f,f,f,f,f,f,t,t,f,l,f,b,f,t,t,f,f,f,f,f,f,f,t,f,f,f,f,f,f,t,t,t,n,nowin
1216,f,f,f,f,f,f,f,f,f,f,f,f,g,f,n,f,f,t,f,f,f,f,f,f,f,f,f,f,f,f,f,f,t,t,t,t,nowin
757,f,f,f,f,f,f,f,f,f,f,f,f,g,f,n,f,f,t,f,f,t,f,f,f,f,t,f,f,f,f,f,f,f,t,t,n,won
2459,f,f,f,f,t,f,t,f,f,t,t,f,l,f,w,f,f,t,f,t,f,f,f,f,f,t,f,f,f,f,f,f,t,t,f,n,nowin
337,f,f,f,f,t,t,f,f,f,f,f,f,l,f,n,f,f,f,f,f,f,f,f,t,f,f,f,f,f,f,f,f,t,f,t,n,won
2218,f,f,f,f,f,t,f,f,t,f,t,f,l,f,w,f,f,t,f,t,t,t,f,t,f,t,f,f,f,f,t,f,f,t,f,n,won
2979,f,f,f,f,f,f,f,f,f,f,t,t,g,f,n,f,f,t,f,f,f,f,t,f,f,t,f,f,f,f,f,f,f,t,f,n,nowin
2612,f,f,f,t,f,f,t,t,t,t,f,f,l,f,n,f,f,f,f,f,f,f,f,t,f,f,f,f,f,f,f,f,f,f,t,n,nowin
734,f,f,f,f,f,f,f,f,f,f,f,f,l,f,n,f,f,f,f,f,t,f,f,f,f,f,f,f,f,f,f,f,t,f,t,n,won
1085,f,f,f,f,t,f,t,t,t,f,f,f,g,f,n,f,f,t,f,f,f,f,f,f,f,t,f,f,f,f,f,f,t,t,t,n,nowin
534,f,f,f,f,f,t,f,f,f,f,f,t,l,f,n,f,f,f,f,f,f,f,f,f,f,t,f,f,f,f,f,f,f,f,t,n,won
1620,f,f,f,f,t,t,t,f,t,f,t,f,g,f,b,f,f,t,f,f,f,t,f,f,f,t,f,f,f,f,f,f,f,t,t,n,won
1123,f,f,f,f,f,f,f,f,f,f,f,f,g,f,n,f,f,t,f,f,f,f,f,t,f,f,f,f,f,t,f,f,t,t,t,n,nowin
2530,f,f,t,f,t,f,t,t,t,t,f,f,l,f,n,f,f,f,f,f,f,f,f,t,f,t,f,f,f,f,f,f,t,f,t,n,nowin
602,f,f,f,f,f,f,f,f,f,f,f,f,l,f,n,f,f,t,f,f,f,f,f,t,f,f,f,f,f,t,f,f,f,t,t,t,won
1458,f,f,f,f,f,t,t,f,f,t,t,f,g,f,n,f,f,t,f,f,f,f,f,t,f,t,f,f,f,f,f,f,f,t,t,n,nowin
104,f,f,f,f,t,f,t,t,t,f,t,f,l,f,n,f,f,t,f,f,f,f,f,t,f,t,f,f,f,f,f,f,f,t,t,n,won
2005,f,f,f,f,f,f,f,f,f,t,t,f,l,f,w,f,f,t,f,t,t,f,f,f,f,t,f,f,f,f,t,f,t,t,f,n,won
2650,f,f,f,f,t,f,t,t,t,t,f,f,g,f,n,t,f,t,f,f,f,f,f,f,f,t,f,f,f,f,f,f,t,f,t,t,nowin
2974,f,f,f,f,t,t,t,t,t,f,f,f,l,f,n,t,f,t,f,f,f,f,f,f,f,f,f,f,f,f,f,f,t,f,t,n,nowin
1898,f,f,f,f,f,f,f,f,f,f,t,t,l,f,n,f,t,t,f,t,f,f,t,f,f,t,f,f,f,f,t,f,f,t,t,n,won
2416,f,f,f,f,f,t,f,t,t,t,t,f,g,f,b,f,f,t,f,f,f,f,f,f,f,t,f,f,f,f,f,f,t,t,t,n,nowin
2537,t,f,t,f,f,f,t,t,t,t,t,f,l,f,n,f,f,f,f,f,f,f,f,t,f,t,f,f,f,f,f,f,t,f,f,n,nowin
1602,t,t,f,f,f,f,f,f,f,f,t,f,g,f,b,f,f,t,f,f,f,f,f,f,f,t,f,f,f,f,f,f,f,f,f,n,won
1634,f,f,f,f,t,t,t,t,t,f,t,f,g,f,b,f,f,t,f,f,f,t,f,f,f,t,f,f,f,f,f,f,f,t,t,n,won
2967,f,t,f,f,f,t,f,f,f,f,f,f,l,f,n,t,f,t,f,f,f,f,f,f,f,f,f,f,f,f,f,f,t,f,t,n,nowin
321,f,f,f,f,f,t,f,f,t,f,f,f,l,f,n,f,f,t,f,f,f,t,f,t,f,f,f,f,f,f,f,f,f,t,t,n,won
3021,f,f,f,f,f,t,f,f,t,f,f,f,g,f,n,t,f,f,f,f,f,t,f,t,f,t,f,f,f,f,f,f,t,f,t,t,nowin
261,f,f,f,f,t,t,t,t,t,f,f,f,l,f,n,f,f,f,f,f,f,f,f,f,f,t,f,f,f,f,f,f,f,f,t,n,won
1302,f,f,f,f,f,f,t,t,t,t,t,f,l,f,w,f,f,t,f,f,f,f,f,f,f,t,f,f,f,f,f,f,t,t,t,n,nowin
1300,f,f,f,f,t,f,t,t,t,t,t,f,l,f,n,f,f,t,f,f,f,f,f,f,f,t,f,f,f,f,f,f,t,t,t,n,nowin
2652,f,f,f,f,f,f,t,t,t,t,f,f,g,f,n,t,f,t,f,f,f,t,f,f,f,t,f,f,f,f,f,f,t,f,t,t,nowin
1539,f,f,f,f,t,f,t,t,t,t,f,f,l,f,n,f,f,t,f,f,f,f,f,f,f,t,f,f,f,f,f,f,f,t,t,t,nowin
2914,t,f,f,t,f,t,f,f,f,f,t,f,l,f,n,f,f,t,f,f,f,f,f,f,f,t,t,f,f,f,t,f,t,f,t,n,nowin
1927,f,f,f,f,t,f,t,t,t,f,f,f,g,f,n,f,f,t,f,f,f,f,f,t,f,f,f,f,f,f,f,f,f,t,t,t,won
2826,f,f,f,f,f,f,f,f,t,f,t,f,l,f,n,f,f,t,f,t,f,t,f,f,f,t,f,f,f,f,t,f,f,t,f,n,nowin
151,f,f,f,f,f,t,f,f,f,f,t,f,l,f,n,f,f,t,f,f,f,f,f,f,f,t,f,f,f,f,t,f,f,t,f,n,won
2282,f,t,f,f,f,f,f,f,t,f,f,t,l,f,n,f,f,f,f,f,t,t,f,f,f,f,f,f,f,f,f,f,f,f,t,n,won
3105,f,f,f,f,t,t,t,f,t,f,f,f,l,f,n,f,f,t,f,f,f,t,f,t,f,f,f,f,f,f,f,f,t,t,t,t,nowin
2486,f,f,f,f,t,f,t,t,t,t,t,f,l,f,n,f,f,t,f,f,f,f,f,f,f,t,f,f,f,f,f,f,t,t,f,n,nowin
2204,f,t,f,f,f,f,f,f,t,f,t,f,l,f,w,f,f,f,f,t,t,t,f,t,f,t,f,f,f,f,t,f,f,f,t,n,won
2010,f,f,f,f,f,f,f,f,f,t,t,f,l,f,w,f,f,t,f,t,t,f,f,t,f,t,f,f,f,f,t,f,t,t,t,n,won
1904,t,f,f,f,f,t,t,f,f,f,t,t,l,f,n,f,f,t,f,t,f,f,f,t,f,t,f,f,f,f,f,f,f,t,f,n,won
855,f,f,f,f,f,t,f,f,f,t,f,f,g,f,n,f,f,t,f,f,t,f,f,f,f,t,f,f,f,f,f,f,f,t,t,n,won
1277,f,f,f,f,f,f,f,f,f,t,t,f,l,f,b,f,f,t,f,f,f,f,f,t,f,t,f,f,f,f,f,f,f,t,t,n,nowin
157,f,f,f,f,f,t,t,f,f,f,t,f,l,f,n,f,f,t,f,t,f,f,f,f,f,t,f,f,f,f,t,f,f,t,f,n,won
3154,f,f,f,f,f,f,f,f,f,f,f,f,g,f,w,f,f,t,f,t,f,f,f,f,f,t,f,f,t,f,f,t,f,t,f,n,nowin
2703,f,f,f,f,t,f,t,t,t,t,f,f,l,f,n,f,f,t,f,f,f,f,f,f,f,f,f,f,f,f,f,f,f,t,t,t,nowin
1984,f,f,f,f,f,f,f,f,f,t,t,f,g,f,n,f,t,t,f,f,t,f,f,f,f,t,f,f,f,f,f,f,t,t,t,n,won
792,f,f,f,f,f,f,f,f,f,f,f,t,g,f,n,f,f,t,f,f,t,f,f,f,f,f,f,f,f,f,f,f,t,t,t,n,won
422,f,f,f,f,f,t,t,f,t,f,t,f,g,f,n,f,f,t,f,f,f,t,f,f,f,t,f,f,f,f,f,f,f,t,t,n,won
878,f,f,f,f,f,f,f,f,f,t,f,f,l,f,n,f,f,t,f,f,t,f,f,t,f,t,f,f,f,f,f,f,f,t,t,t,won
139,f,f,f,f,t,t,t,f,f,f,t,f,l,f,n,f,f,t,f,f,f,f,f,f,f,t,f,f,f,f,f,f,f,t,t,n,won
1162,f,f,f,f,f,f,f,f,f,f,f,t,g,f,n,f,f,t,f,f,f,f,f,t,f,f,f,f,f,f,f,f,t,t,t,n,nowin
2233,f,f,f,f,f,t,f,f,f,f,t,f,l,f,n,f,f,f,f,f,t,f,f,f,f,t,f,f,f,f,t,f,t,f,f,n,won
2659,f,f,f,f,f,f,f,f,f,t,f,f,g,f,n,f,t,t,f,f,f,f,f,f,f,f,f,f,f,f,f,f,f,t,t,t,nowin
2320,f,t,f,f,f,f,f,f,t,f,f,f,l,f,n,f,f,f,f,f,t,t,f,f,f,f,f,f,f,f,f,f,t,f,t,t,won
2695,f,f,t,f,f,f,t,t,t,t,f,f,l,f,n,f,f,t,f,f,f,f,f,t,f,f,f,f,f,f,f,f,f,f,t,t,nowin
2820,f,f,f,f,f,f,f,f,f,f,t,f,l,f,n,f,f,t,f,t,f,f,f,f,f,t,t,f,f,f,t,f,t,t,f,n,nowin
1311,f,f,f,f,t,t,t,f,f,t,f,f,l,f,n,f,f,t,f,f,f,f,f,f,f,t,f,f,f,f,f,f,f,t,t,n,nowin
2426,f,f,f,f,f,t,f,f,f,t,f,f,g,f,n,f,t,t,f,f,f,f,t,f,f,t,f,f,f,f,f,f,t,t,t,n,nowin
21,f,f,f,f,t,f,f,f,t,f,t,f,l,f,n,f,f,t,f,f,f,t,f,t,f,t,f,f,f,f,t,f,f,t,t,n,won
450,t,f,f,f,f,t,f,f,f,f,t,f,g,f,b,f,f,t,f,f,f,f,f,f,f,t,f,f,f,f,f,f,f,t,t,n,won
1273,f,f,f,f,f,f,t,f,f,t,t,f,l,f,w,f,f,t,f,f,f,f,f,f,f,t,f,f,f,f,f,f,t,t,t,n,nowin
484,f,f,f,f,f,f,f,f,t,f,f,f,g,f,n,f,f,t,f,f,f,t,f,t,f,f,f,f,f,f,f,f,f,t,t,n,won
3129,f,f,f,f,t,t,t,t,t,f,f,f,l,f,n,f,f,t,f,f,f,f,f,f,f,f,t,f,f,f,f,f,t,f,t,t,nowin
2524,t,f,f,f,t,f,t,t,t,t,t,f,l,f,w,f,f,t,f,t,f,f,f,f,f,t,f,f,f,f,t,f,f,f,t,n,nowin
436,f,f,f,f,f,t,t,f,f,f,t,f,g,f,n,f,f,t,f,f,f,f,f,t,f,t,f,f,f,f,f,f,f,t,f,n,won
3032,f,f,f,f,f,f,t,f,t,f,f,f,g,f,n,f,f,t,f,f,f,t,f,t,f,f,t,f,f,f,f,f,t,t,t,t,nowin
1839,f,f,f,f,f,t,t,t,t,f,t,f,l,f,w,f,f,t,f,t,f,t,f,f,f,t,f,f,f,f,f,f,f,t,t,n,won
426,f,f,f,f,t,t,t,f,f,f,t,f,g,f,n,f,f,t,f,f,f,f,f,t,f,t,f,f,f,f,f,f,f,t,t,n,won
2268,f,f,f,t,t,t,f,f,f,f,f,f,l,f,n,f,f,f,f,f,t,f,f,f,f,f,f,f,f,f,f,f,t,f,t,n,won
2746,f,f,f,f,t,f,f,f,t,f,t,f,g,f,b,f,f,t,f,f,f,t,f,f,f,t,f,f,f,f,f,f,f,t,f,n,nowin
2993,f,f,f,f,f,f,f,f,f,f,t,t,l,f,n,f,f,t,f,f,f,f,t,f,f,t,f,f,f,f,t,f,f,t,f,n,nowin
931,f,f,f,f,t,f,f,f,t,f,t,f,l,f,n,f,f,t,f,t,f,t,f,f,f,t,f,f,f,f,f,f,f,t,f,n,nowin
2835,t,f,f,f,f,f,f,f,f,f,f,f,l,f,w,f,f,t,f,f,f,f,f,t,f,t,f,f,f,f,t,t,f,t,f,n,nowin
2949,t,f,f,t,t,t,t,t,t,f,t,f,l,f,b,f,f,t,f,f,f,f,f,t,f,t,t,f,f,f,f,f,t,f,t,n,nowin
600,f,f,f,f,f,f,f,f,f,f,f,f,l,f,n,f,f,t,f,f,f,f,f,t,f,f,f,f,f,f,f,f,f,t,t,t,won
1690,f,f,f,f,f,f,f,f,f,f,t,f,l,f,w,f,f,f,f,f,f,f,f,t,f,t,f,f,f,f,t,f,f,f,f,n,won
2405,f,f,f,f,f,f,f,f,f,t,t,f,g,f,n,f,t,t,f,f,f,f,t,f,f,t,f,f,f,f,f,f,t,t,t,n,nowin
1887,f,f,f,f,f,f,f,f,f,f,t,t,l,f,w,f,t,t,f,f,f,f,f,t,f,t,f,f,f,f,f,f,f,t,t,n,won
230,f,f,f,f,f,t,f,f,f,f,t,f,l,f,n,f,f,f,f,f,f,f,f,t,f,t,f,f,f,f,t,f,f,f,f,n,won
1432,f,f,f,f,f,f,t,t,t,t,f,f,g,f,n,f,f,t,f,f,f,f,f,f,f,t,f,f,f,f,f,f,f,f,t,n,nowin
2293,f,f,t,f,f,t,f,f,f,f,f,f,l,f,n,f,f,f,f,f,t,f,f,t,f,t,f,f,f,f,f,f,f,f,t,t,won
2354,f,f,f,f,f,f,f,f,f,f,f,t,l,f,n,f,f,f,f,f,t,f,f,f,f,t,f,f,f,f,f,f,t,f,t,t,won
378,t,f,f,f,f,f,f,f,f,f,t,f,g,f,b,f,f,t,f,f,f,f,f,f,f,t,f,f,f,f,f,f,f,t,f,n,won
1542,f,f,f,f,f,t,f,f,f,t,f,f,l,f,n,f,f,t,f,f,f,f,f,f,f,t,f,f,f,f,f,f,f,f,t,t,nowin
2583,f,f,f,f,f,t,f,t,t,t,t,f,l,f,w,f,f,t,f,f,f,f,f,f,f,t,f,f,f,f,f,f,t,t,f,n,nowin
2406,f,f,f,f,f,f,f,f,f,t,t,f,g,f,n,f,t,t,f,f,f,f,t,f,f,t,f,f,f,f,f,f,f,t,t,n,nowin
2091,f,f,f,f,f,f,f,f,f,t,f,f,l,f,n,f,f,f,f,f,t,f,f,f,f,f,f,f,f,f,f,f,t,f,t,t,won
1079,f,f,f,f,t,f,t,f,f,f,t,f,g,f,b,f,f,t,f,f,f,f,f,t,f,t,f,f,f,f,f,f,f,t,t,n,nowin
352,f,f,f,f,t,f,t,f,f,f,f,f,g,f,n,f,f,t,f,f,f,f,f,t,f,t,f,f,f,f,f,f,f,t,t,n,won
1294,f,f,f,f,t,f,t,t,t,t,f,f,l,f,n,f,f,t,f,f,f,f,f,f,f,t,f,f,f,f,f,f,f,f,t,n,nowin
2665,f,f,f,f,t,f,t,t,t,t,f,f,g,f,n,f,f,t,f,f,f,f,f,f,f,f,f,f,f,f,f,f,f,t,t,t,nowin
3036,f,f,f,f,t,f,f,f,t,f,f,f,g,f,n,f,f,t,f,f,f,t,f,f,f,f,f,f,f,f,f,f,t,t,t,t,nowin
3056,f,f,f,t,t,t,t,t,t,f,f,f,g,f,n,f,f,t,f,f,f,t,f,f,f,f,f,f,f,f,f,f,t,t,t,t,nowin
802,f,f,f,f,t,f,f,f,f,f,f,f,l,f,n,f,f,f,f,f,t,f,f,f,f,t,f,f,f,f,f,f,t,f,t,t,won
43,t,f,f,f,f,f,f,f,f,f,t,f,l,f,n,f,f,t,f,f,f,f,f,t,f,t,f,f,f,t,f,f,f,t,t,n,won
1667,f,f,f,f,t,f,f,f,t,f,t,f,l,f,n,f,f,t,f,t,f,t,f,t,f,t,f,f,f,f,t,f,f,t,t,n,won
1837,f,f,f,t,f,t,t,t,t,f,t,f,l,f,w,f,f,t,f,t,f,f,f,f,f,t,f,f,f,f,t,f,f,f,t,n,won
456,f,f,f,t,f,t,f,f,f,f,t,f,g,f,n,f,f,f,f,f,f,f,f,t,f,t,f,f,f,f,f,f,f,f,t,n,won
1122,f,f,f,f,f,f,f,f,f,f,f,f,g,f,n,t,f,t,f,f,f,f,f,t,f,f,f,f,f,f,f,f,t,t,t,n,nowin
709,f,f,f,f,t,f,f,f,f,f,f,f,l,f,n,f,f,f,f,f,t,f,f,f,f,t,f,f,f,f,f,f,f,f,t,n,won
2540,t,f,t,f,f,f,t,t,t,t,t,f,l,f,w,f,f,f,f,t,f,f,f,t,f,t,f,f,f,f,f,f,t,f,f,n,nowin
399,f,f,f,f,f,t,f,f,t,f,f,f,g,f,n,f,f,t,f,f,f,t,f,f,f,t,f,f,f,f,f,f,f,t,t,n,won
2359,f,f,f,f,f,f,f,f,t,f,f,t,l,f,n,f,f,t,f,f,t,t,f,f,f,f,f,f,f,f,f,f,t,t,t,t,won
3183,t,f,f,f,t,f,t,f,t,f,f,t,l,f,b,f,f,t,f,f,f,t,f,f,f,t,f,f,t,f,f,t,f,t,f,n,nowin
793,f,f,f,f,f,t,f,f,f,f,f,t,g,f,n,f,f,t,f,f,t,f,f,f,f,f,f,f,f,f,f,f,f,t,t,n,won
258,f,f,f,f,f,t,t,t,t,f,t,f,l,f,w,f,f,t,f,f,f,t,f,f,f,t,f,f,f,f,f,f,f,t,t,n,won
3067,f,f,f,t,t,t,f,f,f,f,f,f,l,f,n,f,f,t,f,f,f,f,f,f,f,t,t,f,f,t,f,f,t,t,t,t,nowin
490,f,f,f,f,t,f,t,t,t,f,f,f,g,f,n,f,f,t,f,f,f,f,f,f,f,f,f,f,f,f,f,f,f,t,t,n,won
2283,f,f,f,f,f,t,f,f,t,f,f,t,l,f,n,f,f,t,f,f,t,t,f,f,f,f,f,f,f,f,f,f,t,t,t,n,won
2197,f,t,f,f,t,f,f,f,t,f,f,f,l,f,w,f,f,f,f,t,t,t,f,f,f,t,f,f,f,f,t,t,f,f,f,n,won
1305,f,f,f,f,f,f,f,f,f,t,f,f,l,f,n,f,t,t,f,f,f,f,t,f,f,t,f,f,f,f,f,f,f,t,t,n,nowin
2608,f,f,f,f,f,f,t,t,t,t,f,f,l,f,n,f,f,t,f,f,f,t,f,f,f,f,f,f,f,f,f,f,t,f,t,n,nowin
1356,f,f,f,f,t,t,t,t,t,t,f,f,l,f,n,f,f,t,f,f,f,f,f,f,f,t,f,f,f,f,f,f,f,t,t,n,nowin
132,f,f,f,f,f,t,f,f,f,f,f,f,l,f,n,f,f,t,f,f,f,f,f,t,f,t,f,f,f,f,f,f,t,f,t,n,won
2958,t,f,f,t,t,t,t,t,t,f,t,f,l,f,w,f,f,f,f,f,f,f,f,t,f,t,f,f,f,f,f,f,t,f,f,n,nowin
2203,f,f,f,f,t,f,f,f,f,f,t,f,l,f,w,f,f,f,f,f,t,f,f,t,f,t,f,f,f,f,t,f,f,f,t,n,won
2763,f,f,f,f,t,f,t,t,t,f,t,f,g,f,b,f,f,t,f,f,f,t,f,f,f,t,f,f,f,f,f,f,f,t,t,n,nowin
1616,t,f,f,f,t,f,t,t,t,f,t,f,g,f,b,f,f,t,f,f,f,f,f,f,f,t,f,f,f,f,f,f,f,t,t,n,won
3093,f,f,f,f,f,f,f,f,f,f,f,f,l,f,n,f,f,f,f,f,f,f,f,f,f,f,t,f,f,t,f,f,t,f,t,t,nowin
999,t,f,f,f,f,t,t,f,f,f,t,f,l,f,n,f,f,t,f,f,f,f,f,f,f,t,f,f,f,f,f,f,t,t,f,n,nowin
244,f,f,f,f,f,t,t,f,f,f,t,f,l,f,w,f,f,f,f,f,f,f,f,t,f,t,f,f,f,f,f,f,f,f,f,n,won
862,f,f,f,f,f,t,f,f,f,t,t,f,g,f,n,f,f,t,f,f,t,f,f,f,f,t,f,f,f,f,f,f,t,t,t,n,won
1213,f,f,f,f,f,t,f,f,t,f,f,f,g,f,n,f,f,t,f,f,f,t,f,f,f,t,f,f,f,f,f,f,t,t,t,t,nowin
1067,f,f,f,f,f,f,f,f,t,f,t,f,g,f,n,f,f,t,f,f,f,t,f,f,f,t,f,f,f,f,f,f,f,t,f,n,nowin
1591,f,f,f,f,f,f,f,f,f,t,f,t,l,f,n,f,f,t,f,f,f,f,f,f,f,t,f,f,f,f,f,f,f,f,t,t,nowin
440,f,f,f,f,f,t,t,f,f,f,t,f,g,f,b,f,f,t,f,f,f,f,f,f,f,t,f,f,f,f,f,f,f,t,t,n,won
2679,f,f,f,f,t,t,t,t,t,t,f,f,g,f,n,f,f,t,f,f,f,f,f,f,f,f,f,f,f,f,f,f,f,t,t,t,nowin
1754,f,t,f,f,f,t,f,f,f,f,t,f,l,f,w,t,f,t,f,t,f,f,f,f,f,t,f,f,f,f,t,f,f,t,f,n,won
182,t,f,f,f,f,t,t,f,f,f,t,f,l,f,n,f,f,t,f,f,f,f,f,f,f,t,f,f,f,f,f,f,f,t,t,n,won
32,f,f,f,f,f,f,f,f,f,f,t,f,l,f,w,f,f,t,f,f,f,f,f,f,f,t,f,f,f,f,f,f,f,t,f,n,won
350,f,f,f,f,t,f,f,f,f,f,f,f,g,f,n,f,f,t,f,f,f,f,f,t,f,t,f,f,f,f,f,f,f,t,t,n,won
3136,f,f,f,t,t,t,t,t,t,f,f,f,l,f,n,f,f,f,f,f,f,f,f,t,f,f,f,f,f,f,f,f,t,f,t,t,nowin
297,f,f,f,f,f,f,f,f,f,f,f,f,l,f,n,f,t,t,f,f,f,f,t,f,f,f,f,f,f,f,f,f,f,t,t,n,won
565,f,t,f,f,f,f,f,f,f,f,f,f,l,f,n,f,f,f,f,f,f,f,f,f,f,t,f,f,f,f,f,f,f,f,t,t,won
1849,t,f,f,f,t,t,t,t,t,f,t,f,l,f,w,f,f,t,f,f,f,f,f,f,f,t,f,f,f,f,f,f,f,t,t,n,won
2260,f,f,f,f,f,f,f,f,f,f,f,f,l,f,n,f,f,f,f,f,t,f,f,t,f,f,f,f,f,t,f,f,t,f,t,n,won
2106,f,f,f,f,f,t,f,f,f,t,f,f,l,f,n,f,f,f,f,f,t,f,f,t,f,f,f,f,f,f,f,f,f,t,t,t,won
1275,f,f,f,f,t,f,t,f,f,t,t,f,l,f,w,f,f,t,f,f,f,f,f,f,f,t,f,f,f,f,f,f,t,t,t,n,nowin
152,f,f,f,f,f,t,f,f,f,f,t,f,l,f,n,f,f,t,f,f,f,f,f,f,f,t,f,f,f,f,t,f,f,f,f,n,won
39,f,f,f,f,f,f,f,f,t,f,t,f,l,f,w,f,f,t,f,f,f,t,f,t,f,t,f,f,f,f,f,f,f,t,f,n,won
950,f,f,f,f,f,f,f,f,f,f,t,f,l,f,b,f,f,t,f,f,f,f,f,f,f,t,f,f,f,f,t,f,f,t,f,n,nowin
1918,f,f,t,f,t,t,t,f,f,f,f,f,g,f,n,f,f,t,f,f,f,f,f,t,f,t,f,f,f,f,f,f,f,f,t,t,won
868,f,f,f,f,t,f,f,f,f,t,f,f,g,f,n,f,f,t,f,f,t,f,f,t,f,f,f,f,f,f,f,f,f,t,t,n,won
1154,f,f,f,f,f,f,f,f,f,f,f,t,g,f,n,f,f,t,f,f,f,f,f,f,f,t,f,f,f,f,f,f,t,t,t,n,nowin
1788,t,f,f,f,t,t,t,f,t,f,t,f,l,f,w,f,f,t,f,f,f,t,f,f,f,t,f,f,f,f,f,f,f,t,t,n,won
2649,f,f,f,f,t,f,t,t,t,t,f,f,g,f,n,f,f,t,f,f,f,f,f,f,f,t,f,f,f,f,f,f,t,f,t,t,nowin
2469,f,t,f,f,f,f,f,f,f,t,f,f,l,f,n,f,f,f,f,t,f,f,f,f,f,t,f,f,f,f,f,t,f,f,f,n,nowin
480,f,f,f,f,f,f,f,f,f,f,f,f,g,f,n,f,f,t,f,f,f,f,f,t,f,f,f,f,f,f,f,f,f,t,t,n,won
2692,f,t,f,f,f,f,f,f,f,t,f,f,l,f,n,t,f,t,f,f,f,f,f,f,f,f,f,f,f,f,f,f,f,t,t,t,nowin
1828,t,f,f,f,t,t,f,f,f,f,t,f,l,f,b,f,f,f,f,f,f,f,f,t,f,t,f,f,f,f,f,f,f,f,t,n,won
1952,f,f,f,f,t,f,t,t,t,f,f,f,l,f,n,f,f,f,f,f,f,f,f,f,f,f,f,f,f,f,f,f,f,f,t,t,won
2785,f,f,f,t,t,t,f,f,f,f,f,f,g,f,n,t,f,f,f,f,f,f,f,t,f,t,f,f,f,f,f,f,t,f,t,n,nowin
2052,f,f,f,t,f,t,f,f,f,t,t,f,l,f,w,f,f,f,f,t,t,f,f,f,f,t,f,f,f,f,t,f,t,f,t,n,won
2996,f,f,f,f,f,f,f,f,t,f,t,t,l,f,n,f,f,t,f,t,f,t,t,f,f,t,f,f,f,f,t,f,f,t,f,n,nowin
6,f,f,f,f,f,f,f,f,t,f,f,f,l,f,n,f,f,t,f,f,f,t,f,t,f,t,f,f,f,f,f,f,f,t,t,n,won
2912,t,f,t,f,f,t,f,f,f,f,t,f,l,f,n,t,f,t,f,f,f,f,f,t,f,t,t,f,f,f,t,f,t,f,t,n,nowin
2391,t,f,t,f,f,f,t,t,t,t,t,f,g,f,n,t,f,t,f,f,f,f,f,t,f,t,f,f,f,f,f,f,t,f,f,n,nowin
1757,f,f,f,f,f,t,f,f,t,f,t,f,l,f,n,f,f,t,f,t,f,t,f,f,f,t,f,f,f,f,t,f,f,t,f,n,won
1118,f,f,f,f,t,f,t,f,f,f,f,f,g,f,n,f,f,t,f,f,f,f,f,f,f,f,f,f,f,f,f,f,t,t,t,n,nowin
1961,f,f,f,t,f,t,f,f,f,f,f,f,l,f,n,f,f,f,f,f,f,f,f,t,f,f,f,f,f,f,f,f,f,f,t,t,won
2217,f,f,f,f,f,t,f,f,t,f,t,f,l,f,n,f,f,t,f,t,t,t,f,t,f,t,f,f,f,f,t,f,t,t,f,n,won
2013,f,f,f,f,f,f,f,f,f,t,t,f,l,f,w,f,f,t,f,t,t,f,f,f,f,t,f,f,f,f,t,f,t,t,t,n,won
1515,f,f,f,f,f,t,f,f,f,t,f,t,l,f,n,f,f,t,f,f,f,f,f,f,f,t,f,f,f,f,f,f,f,t,t,n,nowin
1686,t,f,f,f,f,f,f,f,f,f,t,f,l,f,n,f,f,t,f,t,f,f,f,f,t,t,t,f,f,f,t,f,f,t,f,n,won
2674,f,f,t,f,t,t,t,f,f,t,f,f,g,f,n,f,f,t,f,f,f,f,f,t,f,f,f,f,f,f,f,f,f,t,t,t,nowin
2892,f,f,f,f,f,t,t,f,f,f,t,f,l,f,n,f,f,t,f,t,f,f,f,t,f,t,f,f,f,f,t,f,t,t,f,n,nowin
1985,f,f,f,f,f,f,t,t,t,t,t,f,g,f,n,f,f,t,f,f,t,f,f,t,f,t,f,f,f,f,f,f,t,t,t,n,won
2838,t,f,f,f,f,f,f,f,f,f,f,f,l,f,n,f,f,t,f,f,f,f,f,f,f,t,f,f,f,f,t,t,f,t,f,n,nowin
2971,f,f,f,f,f,t,t,f,t,f,f,f,l,f,n,f,f,f,f,f,f,t,f,t,f,f,f,f,f,f,f,f,t,f,t,n,nowin
1027,f,f,f,t,t,t,f,f,f,f,f,f,l,f,n,f,f,t,f,f,f,f,f,f,f,f,f,f,f,f,f,f,t,t,t,n,nowin
798,f,f,f,f,f,f,f,f,t,f,f,f,l,f,n,f,f,t,f,f,t,t,f,t,f,t,f,f,f,f,f,f,t,t,t,t,won
587,f,f,f,t,f,t,f,f,f,f,f,f,l,f,n,f,f,f,f,f,f,f,f,t,f,t,f,f,f,f,f,f,f,f,t,t,won
1891,f,f,f,f,f,f,t,t,t,f,t,t,l,f,w,f,f,f,f,f,f,f,f,f,f,t,f,f,f,f,f,f,f,t,f,n,won
1074,f,f,f,f,t,f,f,f,t,f,t,f,g,f,n,f,f,t,f,f,f,t,f,t,f,t,f,f,f,f,f,f,f,t,f,n,nowin
1818,f,f,f,f,f,t,f,f,t,f,t,f,l,f,w,f,f,f,f,t,f,t,f,t,f,t,f,f,f,f,t,f,f,f,t,n,won
1543,f,f,f,f,f,t,t,f,f,t,f,f,l,f,n,f,f,t,f,f,f,f,f,f,f,t,f,f,f,f,f,f,f,t,t,t,nowin
904,f,f,f,f,f,f,f,f,f,f,f,f,l,f,n,f,f,t,f,f,f,f,f,f,f,t,f,f,f,f,f,f,t,t,t,n,nowin
2399,t,f,f,f,t,f,t,t,t,t,t,f,g,f,n,f,f,t,f,f,f,f,f,f,f,t,f,f,f,f,f,f,f,f,t,n,nowin
3098,f,f,f,f,t,f,f,f,t,f,f,f,l,f,n,f,f,f,f,f,f,t,f,f,f,f,t,f,f,t,f,f,t,f,t,t,nowin
1805,f,t,f,f,f,t,f,f,f,f,t,f,l,f,w,f,f,f,f,t,f,f,f,f,f,t,f,f,f,f,t,f,f,t,f,n,won
115,f,f,f,f,f,t,f,f,f,f,f,f,l,f,n,f,f,t,f,f,f,f,f,f,f,t,f,f,f,f,f,f,f,t,t,n,won
1509,f,f,f,f,f,t,f,t,t,t,f,f,g,f,n,f,f,t,f,f,f,f,f,f,f,f,f,f,f,f,f,f,t,t,t,n,nowin
2502,t,f,f,f,f,f,t,t,t,t,t,f,l,f,n,t,f,t,f,t,f,f,f,f,f,t,f,f,f,f,t,f,t,f,f,n,nowin
919,f,f,f,f,f,f,t,f,f,f,t,f,l,f,n,f,f,t,f,f,f,f,f,f,f,t,f,f,f,f,f,f,f,t,f,n,nowin
3074,f,f,f,f,t,t,t,f,f,f,f,f,l,f,n,f,f,f,f,f,f,f,f,f,f,t,f,f,f,t,f,f,t,f,t,t,nowin
2846,f,f,f,f,f,f,f,f,f,f,t,f,l,f,n,f,f,f,f,f,f,f,f,t,t,t,f,f,f,f,t,f,f,f,f,n,nowin
2801,f,f,f,t,t,t,t,t,t,f,f,f,g,f,n,f,f,t,f,f,f,f,f,t,f,f,f,f,f,f,f,f,t,f,t,n,nowin
895,f,f,f,f,f,t,t,f,f,t,f,f,l,f,n,f,f,t,f,f,t,f,f,f,f,f,f,f,f,f,f,f,t,t,t,t,won
2234,f,f,f,f,f,t,f,f,f,f,t,f,l,f,n,f,f,f,f,t,t,f,f,f,f,t,f,f,f,f,t,f,t,f,f,n,won
1141,f,f,f,t,f,t,f,f,f,f,f,f,g,f,n,f,f,t,f,f,f,f,f,t,f,f,f,f,f,f,f,f,t,f,t,n,nowin
1033,f,f,f,f,t,t,t,f,f,f,f,f,l,f,n,t,f,t,f,f,f,f,f,f,f,f,f,f,f,f,f,f,t,f,t,n,nowin
591,f,f,f,f,f,t,t,t,t,f,f,f,l,f,n,f,f,t,f,f,f,f,f,f,f,t,f,f,f,f,f,f,f,f,t,t,won
1648,f,f,f,f,t,t,t,t,t,f,f,f,g,f,n,f,f,f,f,f,f,f,f,t,f,t,f,f,f,f,f,f,f,f,t,n,won
1845,t,f,f,f,t,t,t,t,t,f,t,f,l,f,b,f,f,t,f,f,f,f,f,f,f,t,f,f,f,f,f,f,f,f,t,n,won
3078,f,f,f,f,f,f,f,f,f,f,f,f,l,f,n,t,f,t,f,f,f,f,f,t,f,f,t,f,f,f,f,f,t,t,t,t,nowin
2825,f,f,f,f,f,f,f,f,t,f,t,f,l,f,n,f,f,t,f,t,f,t,f,f,f,t,f,f,f,f,t,f,t,t,f,n,nowin
61,f,f,f,f,t,f,t,f,f,f,f,f,l,f,n,f,f,f,f,f,f,f,f,f,f,t,f,f,f,f,f,f,f,t,t,n,won
2741,f,f,f,f,f,f,t,f,f,t,f,f,l,f,n,f,f,t,f,t,f,f,t,f,f,t,f,f,t,f,f,t,f,t,f,n,nowin
3164,f,f,f,t,f,f,f,f,f,f,f,f,l,f,w,f,f,t,f,t,f,f,f,f,f,t,f,f,t,f,f,t,f,t,f,n,nowin
1627,t,f,f,t,f,t,f,f,f,f,t,f,g,f,b,f,f,t,f,f,f,f,f,f,f,t,f,f,f,f,f,f,f,f,t,n,won
1137,f,f,f,f,f,t,f,f,t,f,f,f,g,f,n,f,f,t,f,f,f,t,f,f,f,f,f,f,f,f,f,f,t,t,t,n,nowin
1217,f,f,f,f,f,f,f,f,f,f,f,f,g,f,n,f,f,t,f,f,f,f,f,f,f,f,t,f,f,f,f,f,t,t,t,t,nowin
1248,f,f,f,f,f,f,f,f,f,t,t,f,l,f,n,f,f,t,f,f,f,f,f,f,f,t,f,f,f,f,t,f,t,t,t,n,nowin
2565,f,f,f,f,f,f,t,t,t,t,f,f,l,f,n,f,f,t,f,f,f,f,t,f,f,t,f,f,f,f,f,t,t,t,f,n,nowin
933,f,f,f,f,f,f,f,f,t,f,t,f,l,f,n,f,f,t,f,f,f,t,f,f,f,t,f,f,f,f,t,f,t,t,f,n,nowin
1401,f,f,f,f,t,t,f,t,t,t,f,f,l,f,n,f,f,f,f,f,f,f,f,f,f,f,f,f,f,f,f,f,f,t,t,n,nowin
1826,f,f,f,f,f,t,t,f,t,f,t,f,l,f,n,f,f,f,f,t,f,t,f,f,f,t,f,f,f,f,f,f,f,f,t,n,won
2876,f,f,f,f,f,f,t,t,t,f,t,f,l,f,n,f,f,t,f,t,f,t,f,f,f,t,f,f,f,f,f,f,t,t,f,n,nowin
1834,f,f,f,f,f,t,t,t,t,f,t,f,l,f,w,f,f,t,f,t,f,t,f,f,f,t,f,f,f,f,f,f,f,t,f,n,won
2683,f,f,t,f,f,f,t,t,t,t,f,f,l,f,n,f,f,f,f,f,f,f,f,t,f,t,f,f,f,f,f,f,f,f,t,t,nowin
1239,f,f,f,f,f,f,f,f,f,t,f,f,l,f,n,f,f,t,f,f,f,f,f,f,f,t,f,f,f,f,f,f,t,t,t,n,nowin
180,t,f,f,f,t,t,f,f,f,f,t,f,l,f,n,f,f,t,f,f,f,f,f,f,f,t,f,f,f,f,f,f,f,f,t,n,won
1972,f,f,f,f,t,t,t,t,t,f,f,f,l,f,n,f,f,f,f,f,f,f,f,t,f,f,f,f,f,f,f,f,f,f,t,t,won
1446,f,f,f,f,f,t,f,f,f,t,f,f,g,f,n,f,f,t,f,f,f,f,f,t,f,t,f,f,f,f,f,f,f,t,t,n,nowin
2593,f,f,f,f,f,t,f,t,t,t,t,f,l,f,n,f,f,t,f,t,f,f,f,f,f,t,f,f,f,f,t,f,f,t,t,n,nowin
355,f,f,f,f,f,f,t,f,t,f,f,f,g,f,n,f,f,t,f,f,f,t,f,t,f,t,f,f,f,f,f,f,f,t,t,n,won
2461,f,t,f,t,f,f,f,f,f,t,f,f,l,f,n,t,f,t,f,t,f,f,f,t,f,t,f,f,f,f,f,t,f,t,f,n,nowin
753,f,f,f,f,f,t,t,f,f,f,f,f,l,f,n,f,f,f,f,f,t,f,f,f,f,f,f,f,f,f,f,f,t,f,t,n,won
2794,f,f,f,f,t,f,t,t,t,f,f,f,g,f,n,f,f,t,f,f,f,t,f,f,f,f,f,f,f,f,f,f,t,t,t,n,nowin
417,f,f,f,f,f,t,t,f,f,f,t,f,g,f,n,f,f,t,f,f,f,f,f,f,f,t,f,f,f,f,f,f,f,t,t,n,won
1569,f,f,f,f,t,t,f,t,t,t,f,f,l,f,n,f,f,t,f,f,f,f,f,f,f,f,f,f,f,f,f,f,f,t,t,t,nowin
2902,f,f,f,f,t,t,t,f,f,f,t,f,l,f,n,t,f,t,f,f,f,f,f,f,f,t,f,f,f,f,f,f,t,f,f,n,nowin
2292,f,f,f,f,f,t,f,f,f,f,f,f,l,f,n,f,f,f,f,f,t,f,f,t,f,t,f,f,f,t,f,f,t,f,t,t,won
2450,f,t,f,f,f,f,f,f,f,t,f,f,l,f,b,t,f,t,f,t,f,f,f,f,f,t,f,f,f,f,t,t,t,t,f,n,nowin
2492,f,f,f,f,t,f,t,t,t,t,f,f,l,f,n,f,f,t,f,f,f,t,f,f,f,t,f,f,f,f,f,f,f,f,t,n,nowin
1991,f,f,f,t,f,t,f,f,f,t,t,f,g,f,n,f,f,t,f,f,t,f,f,f,f,t,f,f,f,f,f,f,t,t,t,n,won
242,f,f,f,f,t,t,t,f,f,f,t,f,l,f,w,f,f,f,f,f,f,f,f,f,f,t,f,f,f,f,f,f,f,f,f,n,won
1247,f,f,f,f,f,f,f,f,f,t,t,f,l,f,n,f,f,t,f,f,f,f,f,f,f,t,f,f,f,f,f,f,t,t,t,n,nowin
3097,f,f,f,f,f,f,f,f,t,f,f,f,l,f,n,f,f,f,f,f,f,t,f,f,f,f,t,f,f,t,f,f,t,f,t,t,nowin
2757,t,f,f,f,f,f,f,f,f,f,f,f,g,f,b,f,f,t,f,f,f,f,f,f,f,t,f,f,f,f,f,t,f,t,f,n,nowin
2384,f,f,f,f,t,f,t,t,t,t,f,f,g,f,n,f,f,t,f,f,f,t,f,f,f,t,f,f,f,f,f,f,f,f,t,n,nowin
1089,f,f,f,f,f,f,f,f,f,f,f,f,g,f,n,f,f,t,f,f,f,f,t,f,f,t,f,f,f,f,f,f,f,t,t,n,nowin
2874,f,f,f,f,f,f,t,t,t,f,t,f,l,f,n,f,f,t,f,t,f,f,f,f,f,t,f,f,f,f,f,f,t,t,f,n,nowin
2127,f,f,f,f,t,f,f,f,f,t,f,t,l,f,n,f,f,f,f,f,t,f,f,t,f,f,f,f,f,t,f,f,t,f,t,t,won
1548,f,f,f,f,f,t,t,t,t,t,f,f,l,f,n,f,f,t,f,f,f,f,f,f,f,t,f,f,f,f,f,f,f,t,t,t,nowin
1625,t,f,f,f,t,t,f,f,t,f,t,f,g,f,b,f,f,t,f,f,f,t,f,t,f,t,f,f,f,f,f,f,f,t,t,n,won
2781,t,f,f,t,f,t,f,f,f,f,t,f,g,f,b,f,f,t,f,f,f,f,f,t,f,t,t,f,f,f,f,f,t,f,t,n,nowin
1390,f,f,f,f,f,t,f,f,f,t,f,f,l,f,n,f,f,t,f,f,f,f,f,f,f,f,f,f,f,f,f,f,f,f,t,n,nowin
1469,f,f,f,f,f,t,f,f,f,t,t,f,g,f,b,f,f,t,f,f,f,f,f,f,f,t,f,f,f,f,f,f,f,t,t,n,nowin
2074,f,f,f,f,f,f,f,f,f,t,f,f,g,f,n,f,t,t,f,f,t,f,f,f,f,f,f,f,f,f,f,f,f,t,t,t,won
2284,f,f,f,f,f,t,f,f,t,f,f,t,l,f,n,f,f,t,f,f,t,t,f,f,f,f,f,f,f,f,f,f,f,t,t,n,won
2554,t,f,f,f,t,f,t,t,t,t,t,f,l,f,w,f,f,f,f,t,f,f,f,f,f,t,f,f,f,f,t,f,f,f,f,n,nowin
822,f,f,f,f,f,t,f,f,f,f,f,f,l,f,n,f,f,t,f,f,t,f,f,f,f,f,f,f,f,f,f,f,t,t,t,t,won
1198,f,f,f,f,f,t,f,f,f,f,f,f,l,f,n,f,f,t,f,f,f,f,f,t,f,f,f,f,f,f,f,f,t,t,t,t,nowin
808,f,f,f,f,f,t,f,f,t,f,f,f,l,f,n,f,f,t,f,f,t,t,f,t,f,t,f,f,f,f,f,f,t,t,t,t,won
3131,f,f,f,f,t,t,t,t,t,f,f,f,l,f,n,t,f,t,f,f,f,f,f,f,f,f,f,f,f,f,f,f,t,f,t,t,nowin
755,f,f,f,f,f,t,f,f,f,f,f,f,l,f,n,f,f,f,f,f,t,f,f,t,f,f,f,f,f,f,f,f,f,f,t,n,won
1398,f,f,f,f,t,t,f,t,t,t,f,f,l,f,n,f,f,t,f,f,f,f,f,f,f,f,f,f,f,f,f,f,t,t,t,n,nowin
405,f,f,f,f,f,t,f,f,f,f,f,f,g,f,n,f,f,t,f,f,f,f,f,t,f,t,f,f,f,f,f,f,f,f,t,n,won
2845,f,t,f,f,f,f,f,f,f,f,t,f,l,f,n,f,f,f,t,f,f,f,f,t,f,t,f,f,f,t,t,f,t,f,f,n,nowin
202,f,f,f,f,f,t,f,f,f,f,f,f,l,f,n,f,f,f,f,f,f,f,f,f,f,t,f,f,f,f,f,f,f,t,t,n,won
2158,f,f,f,f,t,f,f,f,t,f,t,f,l,f,w,f,f,t,f,t,t,t,f,f,f,t,f,f,f,f,t,f,f,t,t,n,won
3166,f,f,f,f,f,f,t,f,f,f,f,f,l,f,w,f,f,t,f,t,f,f,f,f,f,t,f,f,t,f,f,t,f,t,f,n,nowin
994,f,f,f,f,f,t,t,f,f,f,t,f,l,f,n,f,f,t,f,t,f,f,f,f,f,t,f,f,f,f,t,f,t,t,f,n,nowin
1665,f,t,f,f,f,f,f,f,f,f,t,f,l,f,w,t,f,t,f,t,f,f,f,f,f,t,f,f,f,f,t,f,f,t,f,n,won
1132,f,f,f,f,f,f,f,f,f,f,f,f,g,f,n,f,f,t,f,f,f,f,t,t,f,f,f,f,f,f,f,f,f,t,t,n,nowin
1348,f,t,f,f,f,t,f,f,f,t,f,f,l,f,n,f,f,f,f,f,f,f,f,t,f,t,f,f,f,f,f,f,f,f,t,n,nowin
50,t,f,f,f,f,f,f,f,f,f,t,f,l,f,w,f,f,t,f,f,f,f,f,f,f,t,f,f,f,f,t,f,f,t,t,n,won
275,f,f,f,f,f,f,t,f,t,f,f,f,l,f,n,f,f,t,f,f,f,t,f,t,f,f,f,f,f,f,f,f,f,t,t,n,won
1854,f,f,f,f,f,t,t,t,t,f,t,f,l,f,w,f,f,f,f,t,f,f,f,t,f,t,f,f,f,f,f,f,f,f,f,n,won
1376,f,f,f,f,f,t,f,t,t,t,f,f,l,f,n,f,f,f,f,f,f,f,f,f,f,t,f,f,f,f,f,f,f,t,t,n,nowin
2925,f,f,f,f,f,t,t,f,f,f,t,f,l,f,n,t,f,f,f,f,f,f,f,t,f,t,f,f,f,f,t,f,t,f,f,n,nowin
2210,f,f,f,t,t,f,f,f,f,f,t,f,l,f,w,f,f,f,f,f,t,f,f,f,f,t,f,f,f,f,t,f,f,f,t,n,won
308,f,f,f,f,t,t,f,f,f,f,f,f,l,f,n,f,f,t,f,f,f,f,f,f,f,f,f,f,f,f,f,f,t,f,t,n,won
1747,f,f,f,f,f,f,f,f,f,f,t,f,l,f,n,f,t,f,f,f,f,f,t,f,f,t,f,f,f,f,t,f,f,f,t,n,won
3175,f,f,f,f,f,f,t,f,f,f,f,f,l,f,b,f,f,t,f,f,f,f,t,f,f,t,f,f,t,f,f,t,f,t,f,n,nowin
533,f,f,f,f,f,t,f,f,f,f,f,t,l,f,n,f,f,f,f,f,f,f,f,f,f,t,f,f,f,f,f,f,f,t,t,n,won
3095,f,f,f,f,t,f,t,f,f,f,f,f,l,f,n,f,f,f,f,f,f,f,f,f,f,f,t,f,f,f,f,f,t,f,t,t,nowin
2969,f,t,f,f,f,t,f,f,f,f,f,f,l,f,n,t,f,f,f,f,f,f,f,t,f,f,f,f,f,f,f,f,t,f,t,n,nowin
2264,f,t,f,f,f,f,f,f,t,f,f,f,l,f,n,f,f,f,f,f,t,t,f,f,f,f,f,f,f,f,f,f,f,f,t,n,won
1143,f,f,f,f,t,t,t,f,f,f,f,f,g,f,n,f,f,t,f,f,f,f,f,t,f,f,f,f,f,f,f,f,t,t,t,n,nowin
1478,f,f,f,f,f,t,f,t,t,t,t,f,g,f,n,f,f,t,f,f,f,f,f,f,f,t,f,f,f,f,f,f,f,t,t,n,nowin
131,f,f,t,f,t,t,t,f,f,f,f,f,l,f,n,f,f,t,f,f,f,f,f,t,f,t,f,f,f,f,f,f,f,f,t,n,won
243,f,f,f,f,f,t,t,f,f,f,t,f,l,f,w,f,f,f,f,f,f,f,f,t,f,t,f,f,f,f,f,f,f,t,f,n,won
2390,t,f,f,t,t,f,t,t,t,t,t,f,g,f,n,f,f,t,f,f,f,f,f,t,f,t,f,f,f,f,f,f,t,f,f,n,nowin
562,f,f,f,f,f,f,f,f,f,f,f,f,l,f,n,f,f,t,f,f,f,f,f,t,f,t,f,f,f,t,f,f,f,t,t,t,won
1541,f,f,f,f,f,t,f,f,f,t,f,f,l,f,n,f,f,t,f,f,f,f,f,f,f,t,f,f,f,f,f,f,f,t,t,t,nowin
407,f,f,f,t,f,t,f,f,f,f,f,f,g,f,n,f,f,t,f,f,f,f,f,t,f,t,f,f,f,f,f,f,f,f,t,n,won
718,f,f,f,f,f,t,f,f,f,f,f,f,l,f,n,f,f,t,f,f,t,f,f,t,f,t,f,f,f,f,f,f,f,t,t,n,won
2589,f,f,f,f,f,t,t,t,t,t,t,f,l,f,w,f,f,t,f,t,f,f,f,f,f,t,f,f,f,f,f,f,t,t,f,n,nowin
437,f,f,f,f,t,t,t,f,f,f,t,f,g,f,n,f,f,t,f,f,f,f,f,t,f,t,f,f,f,f,f,f,f,t,f,n,won
2995,f,f,f,f,f,f,f,f,t,f,t,t,l,f,n,f,f,t,f,f,f,t,t,f,f,t,f,f,f,f,t,f,f,t,f,n,nowin
2229,f,f,f,f,f,t,f,f,f,f,t,f,l,f,n,f,f,f,f,f,t,f,f,t,f,t,f,f,f,f,t,f,t,f,f,n,won
540,f,f,f,f,f,f,f,f,t,f,f,t,l,f,n,f,f,t,f,f,f,t,f,t,f,f,f,f,f,f,f,f,f,t,t,n,won
1783,t,f,f,f,t,t,f,f,t,f,t,f,l,f,n,f,f,t,f,f,f,t,f,f,f,t,f,f,f,f,t,f,f,t,f,n,won
677,f,f,f,f,f,t,f,f,f,f,f,f,g,f,n,f,f,t,f,f,f,f,f,f,f,f,f,f,f,f,f,f,f,t,t,t,won
2860,f,t,f,f,f,f,f,f,f,f,f,f,l,f,n,f,f,f,f,f,f,f,f,t,f,t,f,f,f,f,t,t,f,f,f,n,nowin
2090,f,f,f,f,t,f,f,f,f,t,f,f,l,f,n,f,f,f,f,f,t,f,f,t,f,f,f,f,f,f,f,f,f,f,t,t,won
2618,f,f,f,f,t,t,f,t,t,t,f,f,l,f,n,f,f,f,f,f,f,f,f,f,f,f,f,f,f,f,f,f,t,f,t,n,nowin
1391,f,f,f,f,f,t,f,f,f,t,f,f,l,f,n,f,f,t,f,f,f,f,f,t,f,f,f,f,f,f,f,f,f,t,t,n,nowin
253,f,f,f,t,f,t,t,t,t,f,t,f,l,f,n,f,f,t,f,f,f,f,f,f,f,t,f,f,f,f,f,f,f,f,t,n,won
1633,t,f,f,f,t,t,f,f,f,f,t,f,g,f,b,f,f,f,f,f,f,f,f,t,f,t,f,f,f,f,f,f,f,f,t,n,won
2648,f,f,f,t,t,f,t,t,t,t,f,f,g,f,n,f,f,t,f,f,f,f,f,t,f,t,f,f,f,f,f,f,f,f,t,t,nowin
2108,f,f,f,t,f,t,f,f,f,t,f,f,l,f,n,f,f,f,f,f,t,f,f,t,f,f,f,f,f,f,f,f,f,t,t,t,won
2415,f,f,t,f,t,t,t,f,f,t,f,f,g,f,n,f,f,t,f,f,f,f,f,t,f,t,f,f,f,f,f,f,f,t,t,n,nowin
2724,f,t,f,f,f,t,f,f,f,t,f,f,l,f,n,f,f,f,f,f,f,f,f,f,f,f,f,f,f,f,f,f,f,t,t,t,nowin
1315,f,f,f,f,f,t,f,f,f,t,f,f,l,f,n,f,f,t,f,f,f,f,f,t,f,t,f,f,f,f,f,f,f,t,t,n,nowin
2819,f,f,f,f,t,f,f,f,t,f,t,f,l,f,n,f,f,t,f,t,f,t,f,t,f,t,f,f,f,f,t,f,f,t,f,n,nowin
894,f,f,f,f,f,t,f,f,f,t,f,f,l,f,n,f,f,t,f,f,t,f,f,f,f,f,f,f,f,f,f,f,t,t,t,t,won
1619,f,f,f,f,f,f,f,f,t,f,t,f,g,f,n,f,t,t,f,f,f,t,t,f,f,t,f,f,f,f,f,f,f,t,t,n,won
2356,f,f,f,f,f,f,f,f,t,f,f,t,l,f,n,f,f,f,f,f,t,t,f,f,f,t,f,f,f,f,f,f,t,t,t,t,won
566,f,f,f,f,t,f,t,f,f,f,f,f,l,f,n,f,f,f,f,f,f,f,f,f,f,t,f,f,f,f,f,f,f,f,t,t,won
1179,f,f,f,f,f,f,f,f,f,f,f,f,l,f,n,f,f,t,f,f,f,f,f,f,f,f,f,f,f,f,f,f,t,t,t,t,nowin
611,f,f,f,f,f,f,f,f,f,f,f,f,l,f,n,f,f,f,f,f,f,f,f,t,f,f,f,f,f,f,f,f,f,f,t,t,won
2678,f,f,f,f,t,t,f,t,t,t,f,f,g,f,n,f,f,t,f,f,f,f,f,f,f,f,f,f,f,f,f,f,f,t,t,t,nowin
65,f,f,f,f,t,f,f,f,f,f,f,f,l,f,n,f,f,f,f,f,f,f,f,t,f,t,f,f,f,f,f,f,f,t,t,n,won
522,f,f,f,f,f,f,f,f,t,f,t,t,l,f,w,f,f,t,f,f,f,t,f,f,f,t,f,f,f,f,f,f,f,t,t,n,won
2473,f,t,f,f,f,f,f,f,f,t,t,f,l,f,w,f,f,f,f,f,f,f,f,t,f,t,f,f,f,f,f,f,f,f,t,n,nowin
3144,f,f,f,f,f,f,f,f,t,f,f,t,g,f,n,f,f,t,f,f,f,t,f,f,f,f,t,f,f,f,f,f,t,t,t,t,nowin
302,f,f,f,f,t,t,f,f,f,f,f,f,l,f,n,f,f,t,f,f,f,f,f,f,f,f,f,f,f,f,f,f,f,t,t,n,won
2187,f,t,f,f,t,f,f,f,t,f,t,f,l,f,n,f,f,f,f,t,t,t,f,f,f,t,f,f,f,t,t,f,t,f,f,n,won
410,f,f,f,f,f,t,f,f,f,f,f,f,g,f,n,f,f,t,f,f,f,f,f,t,f,t,f,f,f,f,f,f,t,f,t,n,won
1493,f,f,f,f,f,f,f,f,f,t,f,f,g,f,n,f,f,t,f,f,f,f,f,t,f,f,f,f,f,f,f,f,t,t,t,n,nowin
1153,f,f,f,f,f,t,f,f,f,f,f,t,l,f,n,f,f,t,f,f,f,f,f,t,f,f,f,f,f,f,f,f,t,t,t,n,nowin
2151,f,f,f,f,f,f,f,f,t,f,t,f,l,f,w,f,f,t,f,f,t,t,f,t,f,t,f,f,f,f,t,f,f,t,t,n,won
3181,t,f,f,f,f,f,t,f,f,f,f,t,g,f,b,f,f,t,f,f,f,f,t,f,f,t,f,f,t,f,f,t,f,t,f,n,nowin
1345,f,t,f,f,f,t,f,f,f,t,f,f,l,f,n,f,f,f,f,f,f,f,f,f,f,t,f,f,f,f,f,f,f,f,t,n,nowin
396,f,f,f,f,t,t,t,f,f,f,f,f,g,f,n,f,f,t,f,f,f,f,f,f,f,t,f,f,f,f,f,f,f,t,t,n,won
359,f,f,f,f,f,f,t,f,f,f,t,f,g,f,n,f,f,t,f,f,f,f,f,f,f,t,f,f,f,f,f,f,f,t,t,n,won
1670,f,f,f,f,t,f,f,f,t,f,t,f,l,f,n,f,f,t,f,t,f,t,f,f,f,t,f,f,f,f,t,f,f,t,t,n,won
1595,f,f,f,f,f,f,f,f,f,t,f,t,l,f,n,f,f,f,f,f,f,f,f,f,f,f,f,f,f,f,f,f,f,t,t,t,nowin
2343,f,f,f,t,f,t,f,f,f,f,f,f,l,f,n,f,f,f,f,f,t,f,f,f,f,f,f,f,f,f,f,f,f,f,t,t,won
281,f,f,f,f,f,f,f,f,f,f,f,f,l,f,n,f,f,f,f,f,f,f,f,f,f,f,f,f,f,f,f,f,t,f,t,n,won
526,f,f,f,f,f,f,f,f,f,f,f,t,l,f,n,f,f,f,f,f,f,f,f,t,f,t,f,f,f,f,f,f,f,f,t,n,won
339,f,f,f,f,t,t,t,t,t,f,f,f,l,f,n,f,f,t,f,f,f,f,f,f,f,f,f,f,f,f,f,f,f,t,t,n,won
1705,f,t,f,f,f,f,f,f,f,f,f,f,l,f,n,f,f,f,f,f,f,f,f,f,f,t,f,f,f,f,t,t,f,f,f,n,won
159,f,f,f,f,f,t,t,f,t,f,t,f,l,f,n,f,f,t,f,f,f,t,f,f,f,t,f,f,f,f,f,f,f,t,f,n,won
675,f,f,f,f,t,f,t,f,f,f,f,f,g,f,n,f,f,t,f,f,f,f,f,t,f,f,f,f,f,f,f,f,f,t,t,t,won
93,f,f,f,f,f,f,f,f,f,f,t,f,l,f,w,f,f,f,f,f,f,f,f,f,f,t,f,f,f,f,f,f,f,t,f,n,won
1564,f,f,f,f,f,t,f,f,f,t,f,f,l,f,n,f,f,t,f,f,f,f,f,t,f,f,f,f,f,f,f,f,f,f,t,t,nowin
783,f,f,f,f,f,f,f,f,f,f,f,t,l,f,n,f,f,t,f,f,t,f,f,f,f,f,f,f,f,f,f,f,t,t,t,n,won
520,f,f,f,f,f,f,f,f,f,f,f,t,l,f,n,f,f,t,f,f,f,f,f,f,f,t,f,f,f,f,f,f,f,t,t,n,won
3084,f,f,f,f,f,f,f,f,f,f,f,f,l,f,n,f,f,f,f,f,f,f,f,t,f,f,f,f,f,t,f,f,t,f,t,t,nowin
1202,f,f,f,f,f,f,f,f,f,f,f,f,g,f,n,f,f,t,f,f,f,f,f,f,f,t,t,f,f,f,f,f,t,t,t,t,nowin
1987,f,f,f,f,t,f,t,t,t,t,f,f,g,f,n,f,f,t,f,f,t,f,f,t,f,t,f,f,f,f,f,f,f,t,t,n,won
801,f,f,f,f,f,f,f,f,f,f,f,f,l,f,n,f,f,f,f,f,t,f,f,f,f,t,f,f,f,f,f,f,t,f,t,t,won
1144,f,f,f,f,f,t,f,f,t,f,f,f,g,f,n,f,f,t,f,f,f,t,f,t,f,f,f,f,f,f,f,f,t,t,t,n,nowin
2346,f,t,f,f,f,t,f,f,t,f,f,f,l,f,n,f,f,f,f,f,t,t,f,f,f,f,f,f,f,f,f,f,t,f,t,t,won
1220,f,f,f,f,f,f,f,f,f,f,f,f,g,f,n,f,f,t,f,f,f,f,f,t,f,f,f,f,f,f,f,f,t,t,t,t,nowin
791,f,f,f,f,f,f,f,f,f,f,f,t,g,f,n,f,f,t,f,f,t,f,f,f,f,f,f,f,f,f,f,f,f,t,t,n,won
751,f,f,f,f,f,t,f,f,f,f,f,f,l,f,n,f,f,f,f,f,t,f,f,f,f,f,f,f,f,f,f,f,t,f,t,n,won
1769,f,f,f,f,f,t,t,f,t,f,t,f,l,f,w,f,f,t,f,t,f,t,f,f,f,t,f,f,f,f,t,f,f,f,t,n,won
2196,f,t,f,t,f,f,f,f,t,f,f,f,l,f,w,f,f,f,f,t,t,t,f,f,f,t,f,f,f,f,t,t,f,f,f,n,won
1695,f,t,f,f,f,f,f,f,f,f,t,f,l,f,w,f,f,f,t,t,f,f,f,t,f,t,f,f,f,t,t,f,f,f,f,n,won
430,f,f,f,f,f,t,f,f,f,f,t,f,g,f,n,f,f,t,f,f,f,f,f,f,f,t,f,f,f,f,f,f,f,t,f,n,won
845,f,f,f,f,f,t,f,f,f,t,f,f,l,f,n,f,f,f,f,f,t,f,f,t,f,f,f,f,f,f,f,f,f,t,t,n,won
640,f,f,f,f,f,t,f,f,f,f,f,f,l,f,n,f,f,f,f,f,f,f,f,t,f,f,f,f,f,f,f,f,t,f,t,t,won
1495,f,f,f,f,f,f,f,f,f,t,f,f,g,f,n,f,t,t,f,f,f,f,f,f,f,f,f,f,f,f,f,f,t,t,t,n,nowin
788,f,f,f,f,f,f,f,f,f,f,f,t,g,f,n,f,f,t,f,f,t,f,f,f,f,t,f,f,f,f,f,f,t,t,t,n,won
1500,f,f,f,f,f,t,f,f,f,t,f,f,g,f,n,f,f,t,f,f,f,f,f,f,f,f,f,f,f,f,f,f,t,t,t,n,nowin
1814,f,f,f,f,f,t,f,f,f,f,t,f,l,f,w,f,f,f,t,t,f,f,f,t,f,t,f,f,f,f,t,f,f,f,t,n,won
1283,f,t,f,f,f,f,f,f,f,t,f,f,l,f,n,f,f,f,f,f,f,f,f,f,f,t,f,f,f,f,f,f,f,f,t,n,nowin
1560,f,f,f,f,f,t,f,f,f,t,f,f,l,f,n,f,f,t,f,f,f,f,f,f,f,f,f,f,f,f,f,f,f,f,t,t,nowin
228,f,f,f,f,t,t,t,f,f,f,t,f,l,f,n,f,f,f,f,f,f,f,f,f,f,t,f,f,f,f,f,f,f,f,f,n,won
2982,f,f,f,f,f,f,t,t,t,f,t,t,g,f,n,f,f,t,f,f,f,t,t,f,f,t,f,f,f,f,f,f,f,t,f,n,nowin
2663,f,f,f,f,t,f,t,t,t,t,f,f,g,f,n,f,f,t,f,f,f,t,f,f,f,f,f,f,f,f,f,f,t,f,t,t,nowin
49,t,f,f,f,f,f,f,f,f,f,t,f,l,f,b,f,f,t,f,f,f,f,f,f,f,t,f,f,f,f,f,f,f,t,t,n,won
1525,f,f,f,f,f,t,f,f,f,t,f,t,g,f,n,f,f,t,f,f,f,f,f,f,f,t,f,f,f,f,f,f,t,t,t,n,nowin
2890,t,t,f,t,f,f,f,f,f,f,f,f,l,t,n,t,f,t,f,t,f,f,f,f,f,t,f,f,f,f,f,t,f,f,f,n,nowin
2632,f,f,f,f,f,f,t,t,t,t,t,t,l,f,n,f,t,t,f,t,f,f,f,f,f,t,f,f,f,f,f,f,f,t,t,n,nowin
2528,t,f,f,f,f,f,t,t,t,t,t,f,l,f,n,f,f,t,f,t,f,t,f,f,f,t,f,f,f,f,t,f,f,f,t,n,nowin
1847,t,f,f,f,t,t,t,t,t,f,t,f,l,f,w,f,f,t,f,f,f,f,f,f,f,t,f,f,f,f,f,f,f,t,f,n,won
2111,f,t,f,f,f,t,f,f,f,t,f,f,l,f,n,f,f,f,f,f,t,f,f,f,f,f,f,f,f,f,f,f,t,f,t,t,won
2500,t,f,f,f,t,f,t,t,t,t,t,f,l,f,n,t,f,t,f,f,f,f,f,f,f,t,f,f,f,f,f,f,t,f,f,n,nowin
1629,t,f,f,f,t,t,f,f,t,f,t,f,g,f,b,f,f,t,f,f,f,t,f,f,f,t,f,f,f,f,f,f,f,t,t,n,won
2323,f,t,f,f,t,f,f,f,t,f,f,f,l,f,n,f,f,f,f,f,t,t,f,f,f,f,f,f,f,t,f,f,t,f,t,t,won
2575,f,f,f,f,f,t,t,f,f,t,t,f,l,f,w,f,f,t,f,t,f,f,f,f,f,t,f,f,f,f,t,f,t,t,f,n,nowin
559,f,f,f,f,f,f,f,f,f,f,f,f,l,f,n,f,f,t,f,f,f,f,f,f,f,t,f,f,f,f,f,f,f,t,t,t,won
1649,t,f,f,f,t,t,t,t,t,f,t,f,g,f,b,f,f,f,f,f,f,f,f,t,f,t,f,f,f,f,f,f,f,f,t,n,won
1994,f,f,f,f,t,t,t,t,t,t,t,f,g,f,n,f,f,t,f,f,t,f,f,f,f,t,f,f,f,f,f,f,f,t,t,n,won
71,f,f,f,f,f,f,f,f,f,f,t,f,l,f,n,f,f,f,f,f,f,f,f,f,f,t,f,f,f,f,t,f,f,f,t,n,won
1288,f,t,f,f,f,f,f,f,f,t,t,f,l,f,n,f,f,f,f,f,f,f,f,f,f,t,f,f,f,f,f,f,f,f,t,n,nowin
1431,f,f,f,f,f,f,f,f,f,t,t,f,g,f,n,f,t,t,f,f,f,f,f,f,f,t,f,f,f,f,f,f,t,t,t,n,nowin
2022,f,f,f,f,f,f,f,f,f,t,t,f,l,f,w,f,f,f,f,t,t,f,f,t,f,t,f,f,f,f,t,f,t,f,t,n,won
1605,t,f,f,f,t,f,f,f,t,f,t,f,g,f,b,f,f,t,f,f,f,t,f,f,f,t,f,f,f,f,f,f,f,f,f,n,won
3179,f,f,f,f,f,f,t,f,f,f,f,t,g,f,n,f,f,t,f,t,f,f,t,f,f,t,f,f,t,f,f,t,f,t,f,n,nowin
2656,f,f,f,f,t,t,f,t,t,t,f,f,g,f,n,f,f,t,f,f,f,f,f,f,f,t,f,f,f,f,f,f,t,t,t,t,nowin
2373,f,f,f,f,f,f,t,t,t,t,t,f,g,f,n,f,f,t,f,f,f,f,f,f,f,t,f,f,f,f,f,f,t,t,f,n,nowin
2601,f,f,f,f,t,t,f,t,t,t,t,f,l,f,w,f,f,f,f,t,f,f,f,f,f,t,f,f,f,f,f,f,f,f,f,n,nowin
1537,f,f,f,f,f,f,f,f,f,t,f,f,l,f,n,f,f,t,f,f,f,f,f,t,f,t,f,f,f,f,f,f,f,f,t,t,nowin
951,f,f,f,f,t,f,f,f,t,f,t,f,l,f,b,f,f,t,f,f,f,t,f,f,f,t,f,f,f,f,f,f,f,t,f,n,nowin
1069,f,f,f,f,f,f,f,f,f,f,t,f,g,f,n,f,f,t,f,f,f,f,f,t,f,t,f,f,f,f,f,f,f,t,f,n,nowin
1615,f,f,f,f,t,f,t,t,t,f,f,f,g,f,n,f,f,t,f,f,f,t,f,t,f,t,f,f,f,f,f,f,f,t,t,n,won
1498,f,f,f,f,f,t,f,f,f,t,f,f,g,f,n,f,f,t,f,f,f,f,f,f,f,f,f,f,f,f,f,f,f,t,t,n,nowin
1561,f,f,f,f,t,t,t,f,f,t,f,f,l,f,n,f,f,t,f,f,f,f,f,f,f,f,f,f,f,f,f,f,f,t,t,t,nowin
397,f,f,f,f,f,t,f,f,f,f,f,f,g,f,n,f,f,t,f,f,f,f,f,f,f,t,f,f,f,f,f,f,t,f,t,n,won
1135,f,f,f,t,t,t,f,f,f,f,f,f,g,f,n,f,f,t,f,f,f,f,f,f,f,f,f,f,f,f,f,f,t,t,t,n,nowin
1572,f,f,f,f,t,f,t,f,f,t,f,f,g,f,n,f,f,t,f,f,f,f,f,f,f,t,f,f,f,f,f,f,f,t,t,t,nowin
2766,f,f,f,f,t,f,t,t,t,f,f,f,g,f,n,f,f,t,f,f,f,t,f,f,f,t,f,f,f,f,f,f,t,t,t,n,nowin
2778,f,f,t,f,t,t,t,f,f,f,f,f,g,f,n,f,f,t,f,f,f,f,f,t,f,t,f,f,f,f,f,f,t,f,t,n,nowin
2662,f,f,f,t,t,f,t,t,t,t,f,f,g,f,n,f,f,t,f,f,f,f,f,f,f,f,f,f,f,f,f,f,t,f,t,t,nowin
2700,f,f,f,f,f,f,t,t,t,t,f,f,l,f,n,t,f,t,f,f,f,f,f,f,f,f,f,f,f,f,f,f,t,f,t,t,nowin
1337,f,f,f,f,f,t,t,f,f,t,t,f,l,f,w,f,f,t,f,t,f,f,f,f,f,t,f,f,f,f,f,f,f,t,t,n,nowin
729,f,f,f,f,f,f,f,f,f,f,f,f,l,f,n,f,f,t,f,f,t,f,f,t,f,f,f,f,f,f,f,f,t,t,t,n,won
432,f,f,f,f,t,t,t,f,f,f,t,f,g,f,n,f,f,t,f,f,f,f,f,f,f,t,f,f,f,f,f,f,f,t,f,n,won
20,f,f,f,f,f,f,f,f,t,f,t,f,l,f,n,f,f,t,f,t,f,t,f,t,f,t,f,f,f,f,t,f,f,t,t,n,won
2729,f,f,f,f,f,t,t,t,t,t,f,f,l,f,n,f,f,t,f,f,f,f,f,f,f,f,f,f,f,f,f,f,t,t,t,t,nowin
1319,f,f,t,f,t,t,t,f,f,t,f,f,l,f,n,f,f,t,f,f,f,f,f,t,f,t,f,f,f,f,f,f,f,t,t,n,nowin
2710,f,f,f,t,t,f,t,t,t,t,f,f,l,f,n,f,f,f,f,f,f,f,f,t,f,f,f,f,f,f,f,f,t,f,t,t,nowin
482,f,f,f,f,f,f,f,f,f,f,f,f,g,f,n,f,f,t,f,f,f,f,f,t,f,f,f,f,f,t,f,f,f,t,t,n,won
499,f,f,f,f,t,t,t,f,f,f,f,f,g,f,n,f,f,t,f,f,f,f,f,f,f,f,f,f,f,f,f,f,f,t,t,n,won
1791,f,f,f,f,f,t,f,f,f,f,t,f,l,f,n,f,f,f,t,f,f,f,f,t,f,t,f,f,f,f,t,f,f,f,f,n,won
2668,f,f,t,t,t,f,t,t,t,t,f,f,g,f,n,f,f,f,f,f,f,f,f,t,f,f,f,f,f,f,f,f,t,f,t,t,nowin
2045,f,f,f,f,f,t,f,f,f,t,t,f,l,f,w,f,f,t,f,t,t,f,f,f,f,t,f,f,f,f,t,f,t,t,t,n,won
827,f,f,f,f,f,f,f,f,f,t,f,f,l,f,n,f,f,t,f,f,t,f,f,f,f,t,f,f,f,f,f,f,f,t,t,n,won
1881,f,f,f,f,f,f,f,f,t,f,f,t,g,f,n,f,f,t,f,f,f,t,f,t,f,f,f,f,f,f,f,f,f,t,t,n,won
983,f,f,f,f,f,f,f,f,f,f,t,f,l,f,n,f,f,t,f,f,f,f,t,f,f,t,f,f,f,f,t,f,f,t,t,n,nowin
2141,f,f,f,f,t,f,f,f,t,f,t,f,l,f,w,f,f,t,f,f,t,t,f,t,f,t,f,f,f,f,t,f,f,t,f,n,won
472,f,f,f,f,f,t,f,f,t,f,t,f,g,f,n,f,f,t,f,f,f,t,t,f,f,t,f,f,f,f,f,f,f,t,t,n,won
303,f,f,f,f,t,t,f,f,f,f,f,f,l,f,n,f,f,t,f,f,f,f,f,f,f,f,f,f,f,f,f,f,f,f,t,n,won
2171,f,f,f,f,t,f,f,f,t,f,t,f,l,f,w,f,f,f,f,t,t,t,f,t,f,t,f,f,f,f,t,f,f,t,f,n,won
1221,f,f,f,f,f,f,f,f,f,f,f,f,g,f,n,f,f,t,f,f,f,f,t,f,f,f,f,f,f,f,f,f,f,t,t,t,nowin
3149,f,t,f,f,f,f,f,f,f,f,f,t,l,f,n,t,f,f,f,f,f,f,f,t,f,f,f,f,f,f,f,f,t,t,t,t,nowin
1707,f,f,f,f,f,f,f,f,f,f,t,f,l,f,n,f,f,f,t,f,f,f,f,t,f,t,f,f,f,t,t,f,f,f,t,n,won
903,f,f,f,f,f,t,f,f,f,t,f,t,l,f,n,f,f,t,f,f,t,f,f,f,f,t,f,f,f,f,f,f,f,t,t,t,won
178,f,f,f,f,f,t,t,f,t,f,t,f,l,f,w,f,f,t,f,f,f,t,f,f,f,t,f,f,f,f,f,f,f,t,f,n,won
2407,f,f,f,f,f,f,f,f,f,t,f,f,g,f,n,f,t,t,f,f,f,f,t,t,f,t,f,f,f,f,f,f,f,t,t,n,nowin
2872,t,f,f,f,t,f,f,f,t,f,f,f,l,f,b,f,f,f,f,f,f,t,f,t,f,t,f,f,f,f,f,t,f,f,f,n,nowin
3044,f,f,f,t,t,t,f,f,f,f,f,f,g,f,n,f,f,t,f,f,f,f,f,f,f,f,f,f,f,f,f,f,t,f,t,t,nowin
942,f,f,f,f,f,f,f,f,f,f,t,f,l,f,b,f,f,t,f,f,f,f,f,f,f,t,f,f,f,f,t,f,f,t,t,n,nowin
2630,f,f,f,f,f,f,t,t,t,t,t,t,l,f,w,f,f,t,f,f,f,f,f,f,f,t,f,f,f,f,f,f,t,t,f,n,nowin
3189,f,f,f,t,f,f,t,t,t,f,f,t,l,f,w,f,f,f,f,f,f,f,f,t,f,t,f,f,t,f,f,t,f,f,f,n,nowin
392,f,f,f,f,t,t,f,f,f,f,f,f,g,f,n,f,f,t,f,f,f,f,f,f,f,t,f,f,f,f,f,f,f,f,t,n,won
2363,f,f,f,f,f,t,f,f,t,f,f,t,l,f,n,f,f,t,f,f,t,t,f,f,f,f,f,f,f,f,f,f,t,t,t,t,won
1611,t,t,f,f,f,f,f,f,f,f,t,f,g,f,b,f,f,f,f,f,f,f,f,t,f,t,f,f,f,f,f,f,f,f,f,n,won
128,f,f,f,f,f,t,f,f,f,f,f,f,l,f,n,f,f,t,f,f,f,f,f,t,f,t,f,f,f,f,f,f,f,f,t,n,won
150,f,f,f,f,f,t,t,f,t,f,t,f,l,f,n,f,f,t,f,f,f,t,f,t,f,t,f,f,f,f,f,f,f,t,t,n,won
1631,t,f,f,f,t,t,t,f,t,f,t,f,g,f,n,f,f,t,f,f,f,t,f,f,f,t,f,f,f,f,f,f,f,t,f,n,won
1674,t,f,f,f,f,f,f,f,f,f,t,f,l,f,w,f,f,t,f,f,f,f,f,t,f,t,f,f,f,f,t,f,f,t,f,n,won
2056,f,f,f,t,f,t,t,t,t,t,t,f,l,f,w,f,f,f,f,t,t,f,f,f,f,t,f,f,f,f,t,f,t,f,t,n,won
167,f,f,f,f,t,t,t,f,f,f,t,f,l,f,w,f,f,t,f,f,f,f,f,f,f,t,f,f,f,f,f,f,f,t,t,n,won
2862,f,t,f,f,f,f,f,f,f,f,f,f,l,f,n,f,f,f,t,f,f,f,f,t,f,t,f,f,f,t,t,t,f,f,f,n,nowin
2300,f,f,f,f,f,f,f,f,t,f,f,f,l,f,n,f,f,t,f,f,t,t,f,t,f,f,f,f,f,f,f,f,t,t,t,t,won
828,f,f,f,f,t,f,f,f,f,t,f,f,l,f,n,f,f,t,f,f,t,f,f,f,f,t,f,f,f,f,f,f,f,t,t,n,won
1389,f,f,f,f,f,t,f,f,f,t,f,f,l,f,n,f,f,t,f,f,f,f,f,f,f,f,f,f,f,f,f,f,f,t,t,n,nowin
1836,f,f,f,f,f,t,t,t,t,f,t,f,l,f,w,f,f,t,f,t,f,f,f,f,f,t,f,f,f,f,f,f,f,f,t,n,won
910,f,f,f,f,t,f,f,f,t,f,f,f,l,f,n,f,f,t,f,f,f,t,f,f,f,t,f,f,f,f,f,t,f,t,f,n,nowin
1242,f,f,f,f,f,f,f,f,f,t,f,f,l,f,n,f,f,t,f,f,f,f,f,t,f,t,f,f,f,f,f,f,f,f,t,n,nowin
382,f,f,f,f,f,f,t,t,t,f,t,f,g,f,n,f,f,t,f,f,f,f,f,f,f,t,f,f,f,f,f,f,f,t,t,n,won
967,f,f,f,f,t,f,f,f,f,f,t,f,l,f,n,f,f,f,f,f,f,f,f,t,f,t,f,f,f,f,t,f,f,f,f,n,nowin
153,f,f,f,f,f,t,t,f,f,f,t,f,l,f,n,f,f,t,f,f,f,f,f,f,f,t,f,f,f,f,f,f,f,t,f,n,won
2887,t,t,t,f,f,f,f,f,f,f,f,f,l,t,b,t,f,t,f,f,f,f,f,t,f,t,f,f,f,f,f,t,f,f,f,n,nowin
216,f,f,f,t,t,t,f,f,f,f,f,f,l,f,n,f,f,f,f,f,f,f,f,t,f,t,f,f,f,f,f,f,f,f,t,n,won
2088,f,f,f,t,t,t,t,t,t,t,f,f,g,f,n,f,f,t,f,f,t,f,f,f,f,f,f,f,f,f,f,f,f,t,t,t,won
1931,f,f,f,f,t,f,t,t,t,f,f,f,g,f,n,f,f,t,f,f,f,t,f,f,f,f,f,f,f,f,f,f,f,t,t,t,won
198,t,f,f,f,f,t,t,f,f,f,t,f,l,f,w,f,f,t,f,f,f,f,f,t,f,t,f,f,f,f,f,f,f,t,t,n,won
277,f,f,f,f,f,f,f,f,f,f,f,f,l,f,n,f,f,f,f,f,f,f,f,f,f,f,f,f,f,f,f,f,f,f,t,n,won
2824,f,t,f,f,f,f,f,f,f,f,t,f,l,f,n,t,f,t,f,t,f,f,f,f,f,t,f,f,f,f,t,f,f,t,f,n,nowin
121,f,f,f,f,f,t,t,f,f,f,f,f,l,f,n,f,f,t,f,f,f,f,f,f,f,t,f,f,f,f,f,f,f,f,t,n,won
255,f,f,f,f,f,t,t,t,t,f,t,f,l,f,n,f,f,t,f,f,f,f,f,f,f,t,f,f,f,f,f,f,f,f,f,n,won
1798,f,f,f,f,t,t,t,f,f,f,t,f,l,f,w,f,f,f,f,f,f,f,f,t,f,t,f,f,f,f,f,f,f,f,f,n,won
1482,f,f,f,f,f,t,t,t,t,t,t,f,g,f,n,f,f,t,f,f,f,f,f,f,f,t,f,f,f,f,f,f,t,t,t,n,nowin
2629,f,t,f,f,f,f,f,f,f,t,f,t,l,f,n,f,f,f,f,f,f,f,f,f,f,t,f,f,f,f,f,f,f,f,t,n,nowin
451,t,f,f,f,f,t,t,f,f,f,t,f,g,f,b,f,f,t,f,f,f,f,f,f,f,t,f,f,f,f,f,f,f,t,t,n,won
173,f,f,f,f,f,t,f,f,f,f,t,f,l,f,w,f,f,t,f,f,f,f,f,f,f,t,f,f,f,f,t,f,f,t,f,n,won
347,f,f,f,f,f,f,f,f,t,f,f,f,g,f,n,f,f,t,f,f,f,t,f,f,f,t,f,f,f,f,f,f,f,t,t,n,won
1438,f,f,f,f,t,f,t,t,t,t,t,f,g,f,n,f,f,t,f,f,f,f,f,f,f,t,f,f,f,f,f,f,t,t,t,n,nowin
986,f,f,f,f,f,t,f,f,f,f,f,f,l,f,n,f,f,t,f,f,f,f,f,f,f,t,f,f,f,f,f,f,t,t,t,n,nowin
2410,f,f,f,f,f,f,t,t,t,t,f,f,g,f,n,f,f,t,f,f,f,f,t,f,f,t,f,f,f,f,f,t,t,t,f,n,nowin
313,f,f,f,f,f,t,t,f,t,f,f,f,l,f,n,f,f,t,f,f,f,t,f,f,f,f,f,f,f,f,f,f,f,t,t,n,won
2579,f,t,f,f,f,t,f,f,f,t,t,f,l,f,n,f,f,f,f,t,f,f,f,f,f,t,f,f,f,f,t,f,t,f,t,n,nowin
2250,f,t,f,t,f,t,f,f,t,f,t,f,l,f,w,t,f,f,f,t,t,t,f,f,f,t,f,f,f,f,t,f,f,f,t,n,won
2396,t,f,t,f,f,f,t,t,t,t,t,f,g,f,n,f,f,t,f,f,f,f,f,t,f,t,t,f,f,f,f,f,t,f,t,n,nowin
1430,f,f,f,f,f,f,f,f,f,t,t,f,g,f,n,f,t,t,f,f,f,f,f,f,f,t,f,f,f,f,f,f,f,t,t,n,nowin
2467,f,t,f,f,f,f,f,f,f,t,f,f,l,f,n,f,f,f,f,t,f,f,f,f,f,t,f,f,f,f,t,t,t,t,f,n,nowin
2128,f,f,f,f,f,f,f,f,f,t,f,t,l,f,n,f,f,f,f,f,t,f,f,f,f,f,t,f,f,f,f,f,t,t,t,t,won
264,f,f,f,f,f,f,f,f,f,f,f,f,l,f,n,f,f,t,f,f,f,f,f,f,f,f,f,f,f,f,f,f,f,t,t,n,won
316,f,f,f,f,t,t,t,f,t,f,f,f,l,f,n,f,f,t,f,f,f,t,f,f,f,f,f,f,f,f,f,f,f,f,t,n,won
1233,f,f,f,f,f,f,f,f,f,f,f,t,g,f,n,f,f,t,f,f,f,f,f,f,f,t,f,f,f,f,f,f,t,t,t,t,nowin
2725,f,t,f,f,f,t,f,f,f,t,f,f,l,f,n,f,f,f,f,f,f,f,f,f,f,f,f,f,f,f,f,f,f,f,t,t,nowin
888,f,f,f,f,f,f,f,f,f,t,f,f,l,f,n,f,f,t,f,f,t,f,f,t,f,f,f,f,f,f,f,f,f,t,t,t,won
1015,f,f,f,f,t,f,f,f,f,f,f,f,l,f,n,f,f,t,f,f,f,f,f,t,f,f,f,f,f,f,f,f,t,t,t,n,nowin
839,f,f,f,f,f,t,f,f,f,t,f,f,l,f,n,f,f,t,f,f,t,f,f,t,f,t,f,f,f,f,f,f,f,t,t,n,won
1075,f,f,f,f,f,f,f,f,f,f,t,f,g,f,b,f,f,t,f,f,f,f,f,f,f,t,f,f,f,f,f,f,f,t,t,n,nowin
1776,t,t,f,t,f,t,f,f,f,f,t,f,l,f,b,f,f,t,f,f,f,f,f,f,f,t,f,f,f,f,f,f,f,f,t,n,won
1386,f,t,f,f,f,f,f,f,f,t,f,f,l,f,n,f,f,f,f,f,f,f,f,f,f,f,f,f,f,f,f,f,t,f,t,n,nowin
1378,f,f,f,f,t,t,f,t,t,t,f,f,l,f,n,f,f,f,f,f,f,f,f,f,f,t,f,f,f,f,f,f,f,t,t,n,nowin
2730,f,f,f,f,t,t,t,t,t,t,f,f,l,f,n,f,f,t,f,f,f,f,f,f,f,f,f,f,f,f,f,f,t,t,t,t,nowin
1126,f,f,f,f,f,f,f,f,f,f,f,f,g,f,n,f,t,t,f,f,f,f,f,f,f,f,f,f,f,f,f,f,t,t,t,n,nowin
990,f,f,f,f,f,t,f,f,f,f,t,f,l,f,n,f,f,t,f,f,f,f,f,f,f,t,f,f,f,f,t,f,t,t,f,n,nowin
1712,f,f,f,f,f,f,t,f,t,f,t,f,l,f,n,f,f,f,f,t,f,t,f,t,f,t,f,f,f,f,f,f,f,f,t,n,won
1693,f,f,f,f,f,f,f,f,f,f,t,f,l,f,w,f,f,f,t,f,f,f,f,t,f,t,f,f,f,t,t,f,f,f,f,n,won
2636,f,f,f,f,f,f,t,t,t,t,f,t,l,f,n,f,f,t,f,f,f,f,t,f,f,t,f,f,f,f,f,t,t,t,f,n,nowin
1825,f,f,f,f,f,t,f,f,t,f,t,f,l,f,n,f,f,f,f,t,f,t,f,f,f,t,f,f,f,f,t,f,f,f,t,n,won
850,f,f,f,f,t,f,f,f,f,t,t,f,g,f,n,f,f,t,f,f,t,f,f,f,f,t,f,f,f,f,f,f,f,t,t,n,won
767,f,f,f,f,f,f,f,f,f,f,f,f,g,f,n,f,f,t,f,f,t,f,f,f,f,f,f,f,f,f,f,f,f,t,t,n,won
474,f,f,f,f,f,t,f,f,f,f,t,f,g,f,n,f,t,t,f,f,f,f,t,f,f,t,f,f,f,f,f,f,f,t,t,n,won
2094,f,f,f,f,f,f,f,f,f,t,f,f,l,f,n,f,f,f,f,f,t,f,f,f,f,f,t,f,f,f,f,f,t,t,t,t,won
488,f,f,f,f,f,f,f,f,t,f,f,f,g,f,n,f,t,t,f,f,f,t,f,f,f,f,f,f,f,f,f,f,f,t,t,n,won
766,f,f,f,f,f,t,f,f,f,f,f,f,g,f,n,f,f,t,f,f,t,f,f,t,f,t,f,f,f,f,f,f,t,t,t,n,won
274,f,f,f,f,t,f,f,f,t,f,f,f,l,f,n,f,f,t,f,f,f,t,f,t,f,f,f,f,f,f,f,f,f,t,t,n,won
447,t,f,f,f,f,t,f,f,f,f,t,f,g,f,n,f,f,t,f,f,f,f,f,f,f,t,f,f,f,f,f,f,f,t,f,n,won
1714,f,f,f,f,t,f,t,f,f,f,t,f,l,f,w,f,f,f,f,t,f,f,f,f,f,t,f,f,f,f,t,f,f,f,t,n,won
424,f,f,f,f,f,t,f,f,f,f,t,f,g,f,n,f,f,t,f,f,f,f,f,t,f,t,f,f,f,f,f,f,f,t,t,n,won
1394,f,t,f,f,f,t,f,f,f,t,f,f,l,f,n,f,f,f,f,f,f,f,f,t,f,f,f,f,f,f,f,f,t,t,t,n,nowin
1426,f,f,f,f,f,f,t,f,f,t,t,f,g,f,b,f,f,t,f,f,f,f,f,f,f,t,f,f,f,f,f,f,t,t,t,n,nowin
1204,f,f,f,f,t,f,t,f,f,f,f,f,g,f,n,f,f,t,f,f,f,f,f,f,f,t,f,f,f,f,f,f,t,t,t,t,nowin
398,f,f,f,f,t,t,f,f,f,f,f,f,g,f,n,f,f,t,f,f,f,f,f,f,f,t,f,f,f,f,f,f,t,f,t,n,won
3014,f,f,f,t,t,t,f,f,f,f,f,f,g,f,n,f,f,t,f,f,f,f,f,f,f,t,t,f,f,f,f,f,t,f,t,t,nowin
1739,f,f,f,f,f,f,t,t,t,f,t,f,l,f,w,f,f,f,f,f,f,f,f,f,f,t,f,f,f,f,f,f,f,f,f,n,won
246,t,f,f,f,t,t,f,f,f,f,t,f,l,f,n,f,f,f,f,f,f,f,f,f,f,t,f,f,f,f,f,f,f,f,t,n,won
2986,f,f,f,f,f,f,f,f,t,f,f,t,g,f,n,f,f,t,f,f,f,t,f,f,f,f,f,f,f,f,f,f,t,t,t,n,nowin
1694,f,f,f,f,f,f,f,f,f,f,t,f,l,f,w,f,f,f,t,t,f,f,f,t,f,t,f,f,f,t,t,f,f,f,f,n,won
701,f,f,f,f,f,f,f,f,f,f,f,t,g,f,n,f,f,t,f,f,f,f,f,t,f,f,f,f,f,f,f,f,f,t,t,t,won
467,f,f,f,f,f,t,t,t,t,f,t,f,g,f,n,f,f,t,f,f,f,f,f,t,f,t,f,f,f,f,f,f,f,t,f,n,won
2992,f,f,f,f,f,f,t,t,t,f,t,t,l,f,n,f,f,t,f,t,f,t,f,t,f,t,t,f,f,t,t,f,t,t,f,n,nowin
908,f,f,f,f,f,f,f,f,f,f,f,f,l,f,n,f,f,t,f,f,f,f,f,f,f,t,f,f,f,f,t,t,f,t,f,n,nowin
2658,f,f,f,f,t,f,t,f,f,t,f,f,g,f,n,f,f,t,f,f,f,f,f,f,f,f,t,f,f,f,f,f,t,t,t,t,nowin
7,f,f,f,f,t,f,f,f,f,f,t,f,l,f,n,f,f,t,f,f,f,f,f,f,f,t,f,f,f,f,f,f,f,t,t,n,won
2750,f,f,f,f,f,f,f,f,f,f,f,f,g,f,n,f,f,t,f,f,f,f,f,t,f,t,f,f,f,f,t,t,f,t,f,n,nowin
744,f,f,f,f,f,t,f,f,t,f,f,f,l,f,n,f,f,t,f,f,t,t,f,f,f,f,f,f,f,f,f,f,t,t,t,n,won
1763,f,f,f,t,f,t,f,f,f,f,t,f,l,f,w,f,f,t,f,t,f,f,f,f,f,t,f,f,f,f,t,f,f,f,t,n,won
514,f,f,f,f,t,t,t,t,t,f,f,f,g,f,n,f,f,t,f,f,f,f,f,f,f,f,f,f,f,f,f,f,f,t,t,n,won
3120,f,f,f,f,f,t,f,f,t,f,f,f,l,f,n,t,f,f,f,f,f,t,f,t,f,f,f,f,f,f,f,f,t,f,t,t,nowin
1870,f,t,t,f,f,t,f,f,f,f,f,f,l,f,n,f,f,t,f,f,f,f,f,t,f,f,f,f,f,f,f,f,f,f,t,n,won
736,f,f,f,f,f,f,f,f,t,f,f,f,l,f,n,f,f,f,f,f,t,t,f,f,f,f,f,f,f,f,f,f,t,t,t,n,won
1978,f,f,f,f,t,f,f,f,f,f,f,t,l,f,n,f,f,t,f,f,f,f,f,t,f,f,t,f,f,f,f,f,f,t,t,t,won
643,f,f,f,f,f,f,f,f,f,f,f,f,g,f,n,f,f,t,f,f,f,f,f,f,f,t,f,f,f,f,f,f,f,t,t,t,won
250,f,f,f,f,f,t,t,t,t,f,f,f,l,f,n,f,f,t,f,f,f,t,f,f,f,t,f,f,f,f,f,f,f,t,t,n,won
1597,f,f,f,f,f,t,f,f,f,t,f,t,g,f,n,f,f,t,f,f,f,f,f,f,f,t,f,f,f,f,f,f,f,t,t,t,nowin
1095,f,f,f,f,f,f,f,f,f,f,t,f,g,f,n,f,f,t,f,f,f,f,t,f,f,t,f,f,f,f,f,f,f,t,t,n,nowin
273,f,f,f,f,f,f,f,f,t,f,f,f,l,f,n,f,f,t,f,f,f,t,f,t,f,f,f,f,f,f,f,f,f,t,t,n,won
2393,t,f,f,f,f,f,t,t,t,t,t,f,g,f,n,f,f,t,f,f,f,f,f,f,f,t,f,f,f,f,f,f,f,f,f,n,nowin
2686,f,f,f,t,t,f,t,t,t,t,f,f,l,f,n,f,f,f,f,f,f,f,f,t,f,t,f,f,f,f,f,f,f,f,t,t,nowin
3103,f,f,f,f,t,f,t,t,t,f,f,f,l,f,n,f,f,f,f,f,f,f,f,f,f,f,f,f,f,f,f,f,t,f,t,t,nowin
54,t,f,f,f,f,f,t,f,f,f,t,f,l,f,w,f,f,t,f,f,f,f,f,t,f,t,f,f,f,f,f,f,f,t,t,n,won
393,f,f,f,t,t,t,f,f,f,f,f,f,g,f,n,f,f,t,f,f,f,f,f,f,f,t,f,f,f,f,f,f,f,t,t,n,won
739,f,f,f,f,f,f,f,f,f,f,f,f,l,f,n,f,f,f,f,f,t,f,f,t,f,f,f,f,f,f,f,f,t,f,t,n,won
2232,f,f,f,f,f,t,f,f,f,f,t,f,l,f,w,f,f,f,f,t,t,f,f,t,f,t,f,f,f,f,t,f,f,f,f,n,won
1555,f,f,f,f,f,f,f,f,f,t,f,f,l,f,n,f,f,t,f,f,f,f,f,t,f,f,f,f,f,f,f,f,f,f,t,t,nowin
1789,f,f,f,f,f,t,f,f,f,f,t,f,l,f,n,f,f,f,t,f,f,f,f,t,f,t,f,f,f,f,t,f,t,f,f,n,won
778,f,f,f,f,f,f,f,f,t,f,f,t,l,f,n,f,f,t,f,f,t,t,f,f,f,t,f,f,f,f,f,f,f,t,t,n,won
1134,f,f,f,t,f,t,f,f,f,f,f,f,g,f,n,f,f,t,f,f,f,f,f,f,f,f,f,f,f,f,f,f,t,f,t,n,nowin
1366,f,f,f,f,f,t,f,t,t,t,t,f,l,f,n,f,f,t,f,f,f,f,f,f,f,t,f,f,f,f,f,f,f,t,f,n,nowin
1367,f,f,f,f,f,t,f,t,t,t,t,f,l,f,n,f,f,t,f,f,f,f,f,f,f,t,f,f,f,f,f,f,t,t,f,n,nowin
3117,f,f,f,t,t,t,f,f,f,f,f,f,l,f,n,t,f,f,f,f,f,f,f,t,f,f,t,f,f,f,f,f,t,f,t,t,nowin
1163,f,f,f,f,f,t,f,f,f,f,f,t,g,f,n,f,f,t,f,f,f,f,f,f,f,f,f,f,f,f,f,f,t,t,t,n,nowin
3034,f,f,f,f,t,f,t,f,f,f,f,f,g,f,n,f,f,t,f,f,f,f,f,f,f,f,t,f,f,f,f,f,t,t,t,t,nowin
1062,f,f,f,f,f,f,f,f,f,f,t,f,g,f,n,f,f,t,f,f,f,f,f,f,f,t,f,f,f,f,f,f,f,t,f,n,nowin
1321,f,f,f,f,f,t,f,f,f,t,t,f,l,f,n,f,f,t,f,f,f,f,f,f,f,t,f,f,f,f,f,f,f,t,t,n,nowin
1374,f,f,f,f,f,t,t,t,t,t,t,f,l,f,w,f,f,t,f,f,f,f,f,f,f,t,f,f,f,f,f,f,t,t,t,n,nowin
1726,f,f,f,f,f,f,f,f,f,f,t,f,l,f,n,f,t,f,f,f,f,f,f,t,f,t,f,f,f,f,t,f,t,f,f,n,won
92,f,f,f,f,f,f,t,f,t,f,t,f,l,f,w,f,f,f,f,f,f,t,f,t,f,t,f,f,f,f,f,f,f,t,t,n,won
362,f,f,f,f,t,f,f,f,t,f,t,f,g,f,n,f,f,t,f,f,f,t,f,f,f,t,f,f,f,f,f,f,f,t,t,n,won
881,f,f,f,f,f,t,f,f,f,t,f,f,l,f,n,f,f,t,f,f,t,f,f,f,f,t,f,f,f,f,f,f,f,t,t,t,won
278,f,f,f,f,t,f,f,f,f,f,f,f,l,f,n,f,f,f,f,f,f,f,f,f,f,f,f,f,f,f,f,f,f,t,t,n,won
1028,f,f,f,f,f,t,f,f,f,f,f,f,l,f,n,t,f,t,f,f,f,f,f,f,f,f,f,f,f,f,f,f,t,f,t,n,nowin
1954,f,t,t,f,f,t,f,f,f,f,f,f,l,f,n,f,f,t,f,f,f,f,f,t,f,f,f,f,f,f,f,f,f,f,t,t,won
2309,f,t,f,f,f,f,f,f,t,f,f,f,l,f,n,f,f,f,f,f,t,t,f,t,f,f,f,f,f,t,f,f,t,f,t,t,won
508,f,f,f,t,f,t,f,f,f,f,f,f,g,f,n,f,f,t,f,f,f,f,f,t,f,f,f,f,f,f,f,f,f,f,t,n,won
3028,f,f,f,f,f,f,f,f,t,f,f,f,g,f,n,f,f,t,f,f,f,t,f,t,f,f,f,f,f,f,f,f,t,t,t,t,nowin
1659,f,f,f,t,t,t,f,f,f,f,f,f,g,f,n,f,f,f,f,f,f,f,f,t,f,f,f,f,f,f,f,f,f,f,t,n,won
1487,f,f,f,f,f,t,f,f,f,t,t,f,g,f,n,f,f,t,f,f,f,f,t,f,f,t,f,f,f,f,f,f,f,t,t,n,nowin
310,f,f,f,f,f,t,f,f,t,f,f,f,l,f,n,f,f,t,f,f,f,t,f,f,f,f,f,f,f,f,f,f,f,f,t,n,won
715,f,f,f,f,f,t,f,f,f,f,f,f,l,f,n,f,f,t,f,f,t,f,f,f,f,t,f,f,f,f,f,f,f,t,t,n,won
2866,f,f,f,f,f,f,f,f,t,f,f,f,l,f,n,f,f,f,f,t,f,t,f,f,f,t,f,f,f,f,f,t,f,t,f,n,nowin
3121,f,f,f,t,t,t,f,f,f,f,f,f,l,f,n,f,f,f,f,f,f,f,f,f,f,f,t,f,f,f,f,f,t,f,t,t,nowin
2331,f,f,f,f,f,t,t,f,f,f,f,f,l,f,n,f,f,f,f,f,t,f,f,t,f,f,f,f,f,f,f,f,t,f,t,t,won
696,f,f,f,f,f,t,f,f,f,f,f,t,l,f,n,f,f,t,f,f,f,f,f,f,f,f,f,f,f,f,f,f,f,t,t,t,won
2179,f,f,f,f,f,f,f,f,f,f,t,f,l,f,w,f,f,f,f,t,t,f,f,f,f,t,f,f,f,f,t,f,f,f,f,n,won
1624,t,f,t,f,t,t,t,f,f,f,t,f,g,f,b,f,f,t,f,f,f,f,f,t,f,t,f,f,f,f,f,f,f,f,t,n,won
578,f,f,f,f,t,t,t,f,f,f,f,f,l,f,n,f,f,t,f,f,f,f,f,f,f,t,f,f,f,f,f,f,f,f,t,t,won
2177,f,f,f,t,t,f,f,f,f,f,t,f,l,f,n,f,f,f,f,t,t,f,f,f,f,t,f,f,f,f,t,f,t,f,f,n,won
2440,f,f,f,f,t,t,f,t,t,t,f,f,g,f,n,f,f,t,f,f,f,f,f,f,f,f,f,f,f,f,f,f,t,t,t,n,nowin
2937,t,f,f,t,f,t,f,f,f,f,t,f,l,f,n,f,f,f,f,f,f,f,f,t,f,t,t,f,f,f,t,f,t,f,t,n,nowin
